,A_tp_fixe_1.5R,HOLD_sl_seul,B_proxy_G1G3G4G7,TP1+trail_chand_3atr,TP1+trail_chand_5atr,TP1+trail_chand_8atr,TP1+giveback_33pct,TP1+giveback_50pct,TP1+BE+trail5atr,TP1+trail5atr+ts48,A_fixe+ts24,TP1+giveback50+BE
BNB/USDT-1515427200000,1.5,-1.0,1.2651353460458121,1.0687459048556502,0.8914759280522982,0.47184571242852447,0.25,0.25,0.8914759280522982,0.8914759280522982,1.5,0.8
BNB/USDT-1524744000000,1.5,-1.0,1.2827702606136067,1.3100803877574019,1.1331225365293034,0.8676857596871556,0.25,0.25,1.1331225365293034,1.1331225365293034,1.5,0.8
BNB/USDT-1528056000000,1.5,-1.0,0.1,0.25,0.25,0.25,0.25,0.25,0.8,0.25,1.5,0.8
BNB/USDT-1547049600000,1.5,-1.0,0.8,0.25,0.25,0.25,0.25,0.25,0.8,0.25,1.5,0.8
BNB/USDT-1547078400000,-1.0,-1.0,-1.0,-1.0,-1.0,-1.0,-1.0,-1.0,-1.0,-1.0,-1.0,-1.0
BNB/USDT-1550721600000,-1.0,-1.0,-1.0,-1.0,-1.0,-1.0,-1.0,-1.0,-1.0,-1.0,-1.0,-1.0
BNB/USDT-1553529600000,-1.0,-1.0,-1.0,-1.0,-1.0,-1.0,-1.0,-1.0,-1.0,-1.0,-1.0,-1.0
BNB/USDT-1554321600000,-1.0,-1.0,-1.0,-1.0,-1.0,-1.0,-1.0,-1.0,-1.0,-1.0,-1.0,-1.0
BNB/USDT-1558353600000,-1.0,-1.0,-1.0,-1.0,-1.0,-1.0,-1.0,-1.0,-1.0,-1.0,-1.0,-1.0
BNB/USDT-1558843200000,-1.0,-1.0,-1.0,-1.0,-1.0,-1.0,-1.0,-1.0,-1.0,-1.0,-1.0,-1.0
BNB/USDT-1561320000000,-1.0,-1.0,-1.0,-1.0,-1.0,-1.0,-1.0,-1.0,-1.0,-1.0,-1.0,-1.0
BNB/USDT-1580486400000,1.5,-1.0,1.3313321988816464,1.0187331254126688,0.6637890485709053,0.25,0.25,0.25,0.8,0.6637890485709053,1.5,0.8
BNB/USDT-1588276800000,-1.0,-1.0,0.4231521634136568,-1.0,-1.0,-1.0,-1.0,-1.0,-1.0,-1.0,-1.0,-1.0
BNB/USDT-1594612800000,1.5,-1.0,2.217806991816679,1.5905683875622407,0.3414857252979373,0.25,2.239875590089895,1.33244752331471,0.8,0.3414857252979373,1.5,0.8
BNB/USDT-1594742400000,-1.0,-1.0,-1.0,-1.0,-1.0,-1.0,-1.0,-1.0,-1.0,-1.0,-1.0,-1.0
BNB/USDT-1597953600000,-1.0,-1.0,-1.0,-1.0,-1.0,-1.0,-1.0,-1.0,-1.0,-1.0,-1.0,-1.0
BNB/USDT-1599422400000,-1.0,-1.0,-1.0,-1.0,-1.0,-1.0,-1.0,-1.0,-1.0,-1.0,-1.0,-1.0
BNB/USDT-1600156800000,-1.0,-1.0,0.1,-1.0,-1.0,-1.0,-1.0,-1.0,-1.0,-1.0,-1.0,-1.0
BNB/USDT-1601496000000,-1.0,-1.0,-1.0,-1.0,-1.0,-1.0,-1.0,-1.0,-1.0,-1.0,-1.0,-1.0
BNB/USDT-1608235200000,-1.0,-1.0,-1.0,-1.0,-1.0,-1.0,-1.0,-1.0,-1.0,-1.0,-1.0,-1.0
BNB/USDT-1608364800000,1.5,-1.0,0.7008558938778483,1.3292297459508342,1.0426395536408632,0.63779842688481,0.25,0.25,1.0426395536408632,1.0426395536408632,1.5,0.8
BNB/USDT-1615449600000,1.5,-1.0,1.7914169327283367,1.3091195652139662,1.1657363681743358,0.4849298244955045,1.4658941522281976,1.4658941522281976,0.8,1.1657363681743358,1.5,1.4658941522281976
BNB/USDT-1615564800000,-1.0,-1.0,-1.0,-1.0,-1.0,-1.0,-1.0,-1.0,-1.0,-1.0,-1.0,-1.0
BNB/USDT-1698163200000,1.5,13.755458996247205,0.8054287127538534,2.0004449973216345,2.461254001747334,2.436436870542036,2.3687537854366685,1.9502467092018214,2.461254001747334,2.461254001747334,1.5,1.9502467092018214
BNB/USDT-1708444800000,-1.0,-1.0,-1.0,-1.0,-1.0,-1.0,-1.0,-1.0,-1.0,-1.0,-1.0,-1.0
BNB/USDT-1717646400000,1.5,-1.0,1.2647496213934626,0.9541870214459165,0.8073088770378001,0.25,0.25,0.25,0.8,0.8073088770378001,1.5,0.8
BNB/USDT-1727179200000,-1.0,-1.0,-1.0,-1.0,-1.0,-1.0,-1.0,-1.0,-1.0,-1.0,-1.0,-1.0
BNB/USDT-1731312000000,1.5,-1.0,0.9085114692848135,2.46012471656983,0.7310778872282366,0.25,2.4853748801701903,2.4853748801701903,0.8,0.7310778872282366,1.5,0.8
BNB/USDT-1732464000000,-1.0,-1.0,-1.0,-1.0,-1.0,-1.0,-1.0,-1.0,-1.0,-1.0,-1.0,-1.0
BNB/USDT-1752912000000,1.5,22.109435798996373,1.2471061026819028,1.694104751712689,1.2163626936192413,1.2644142116720771,1.181077101258058,1.181077101258058,1.2163626936192413,1.2163626936192413,1.5,1.181077101258058
BNB/USDT-1753790400000,-1.0,-1.0,-1.0,-1.0,-1.0,-1.0,-1.0,-1.0,-1.0,-1.0,-1.0,-1.0
BNB/USDT-1754812800000,-1.0,-1.0,-1.0,-1.0,-1.0,-1.0,-1.0,-1.0,-1.0,-1.0,-1.0,-1.0
BNB/USDT-1754884800000,-1.0,-1.0,-1.0,-1.0,-1.0,-1.0,-1.0,-1.0,-1.0,-1.0,-1.0,-1.0
BNB/USDT-1755201600000,-1.0,-1.0,-1.0,-1.0,-1.0,-1.0,-1.0,-1.0,-1.0,-1.0,-1.0,-1.0
BNB/USDT-1758283200000,-1.0,-1.0,-1.0,-1.0,-1.0,-1.0,-1.0,-1.0,-1.0,-1.0,-1.0,-1.0
BNB/USDT-1758297600000,-1.0,-1.0,-1.0,-1.0,-1.0,-1.0,-1.0,-1.0,-1.0,-1.0,-1.0,-1.0
BTC/USDT-1519243200000,-1.0,-1.0,-1.0,-1.0,-1.0,-1.0,-1.0,-1.0,-1.0,-1.0,-1.0,-1.0
BTC/USDT-1519257600000,1.5,-1.0,1.064137396085544,0.6314973225632026,0.25,0.25,0.25,0.25,0.8,0.25,1.5,0.8
BTC/USDT-1524657600000,-1.0,-1.0,-1.0,-1.0,-1.0,-1.0,-1.0,-1.0,-1.0,-1.0,-1.0,-1.0
BTC/USDT-1531987200000,1.5,-1.0,1.0801068726121106,0.9866094314194807,0.843886774057794,0.25,0.25,0.25,0.843886774057794,0.843886774057794,1.5,0.8
BTC/USDT-1554595200000,1.5,-1.0,0.4796080404566,1.2271123143545293,1.15580437285931,1.0386400567518657,1.2408076977567324,1.2408076977567324,0.8,1.15580437285931,1.5,0.8
BTC/USDT-1558008000000,-1.0,-1.0,-1.0,-1.0,-1.0,-1.0,-1.0,-1.0,-1.0,-1.0,-1.0,-1.0
BTC/USDT-1559059200000,-1.0,-1.0,-1.0,-1.0,-1.0,-1.0,-1.0,-1.0,-1.0,-1.0,-1.0,-1.0
BTC/USDT-1560844800000,1.5,-1.0,0.8,0.25,0.25,0.25,0.25,0.25,0.8,0.25,1.5,0.8
BTC/USDT-1560873600000,-1.0,-1.0,-1.0,-1.0,-1.0,-1.0,-1.0,-1.0,-1.0,-1.0,-1.0,-1.0
BTC/USDT-1560902400000,1.5,-1.0,0.8562474284450816,0.31377759386481374,0.25,0.25,0.25,0.25,0.8,0.25,1.5,0.8
BTC/USDT-1562788800000,-1.0,-1.0,-1.0,-1.0,-1.0,-1.0,-1.0,-1.0,-1.0,-1.0,-1.0,-1.0
BTC/USDT-1588305600000,1.5,-1.0,0.6372686069539192,1.190008283997061,0.9001155153005784,1.8691847094180918,2.1905232231572,0.25,0.9001155153005784,0.9001155153005784,1.5,0.8
BTC/USDT-1588564800000,-1.0,-1.0,-1.0,-1.0,-1.0,-1.0,-1.0,-1.0,-1.0,-1.0,-1.0,-1.0
BTC/USDT-1627848000000,-1.0,-1.0,-1.0,-1.0,-1.0,-1.0,-1.0,-1.0,-1.0,-1.0,-1.0,-1.0
BTC/USDT-1628596800000,-1.0,-1.0,0.1,-1.0,-1.0,-1.0,-1.0,-1.0,-1.0,-1.0,-1.0,-1.0
BTC/USDT-1633320000000,-1.0,-1.0,-1.0,-1.0,-1.0,-1.0,-1.0,-1.0,-1.0,-1.0,-1.0,-1.0
BTC/USDT-1633910400000,1.5,-1.0,1.7126373179121774,2.0212616816667848,1.323461956689425,0.2767623692233858,2.0174973730695545,1.6554687684525555,1.323461956689425,1.323461956689425,1.5,1.6554687684525555
BTC/USDT-1674057600000,-1.0,-1.0,-1.0,-1.0,-1.0,-1.0,-1.0,-1.0,-1.0,-1.0,-1.0,-1.0
BTC/USDT-1677038400000,-1.0,-1.0,-1.0,-1.0,-1.0,-1.0,-1.0,-1.0,-1.0,-1.0,-1.0,-1.0
BTC/USDT-1681300800000,1.5,-1.0,0.25,0.25,0.25,0.25,0.25,0.25,0.8,0.25,1.5,0.8
BTC/USDT-1681315200000,-1.0,-1.0,-1.0,-1.0,-1.0,-1.0,-1.0,-1.0,-1.0,-1.0,-1.0,-1.0
BTC/USDT-1698220800000,1.5,8.015841818396645,1.1111669910977044,1.7366215684233728,1.4345567455659405,0.9970591348419622,2.4279823639788143,1.6787934274462217,0.8,1.4345567455659405,1.5,0.8
BTC/USDT-1707840000000,1.5,13.073370327171425,2.154303486525891,2.086645177365522,2.2241814307145296,2.04702112682626,1.717882549930401,1.6734911577263867,2.2241814307145296,2.2241814307145296,1.5,1.6734911577263867
BTC/USDT-1712678400000,-1.0,-1.0,-1.0,-1.0,-1.0,-1.0,-1.0,-1.0,-1.0,-1.0,-1.0,-1.0
BTC/USDT-1716364800000,-1.0,-1.0,0.1,-1.0,-1.0,-1.0,-1.0,-1.0,-1.0,-1.0,-1.0,-1.0
BTC/USDT-1727596800000,1.5,-1.0,1.8559583066672651,1.1088811853584501,0.25,0.25,1.606751211554351,1.606751211554351,0.8,0.25,1.5,0.8
BTC/USDT-1734508800000,-1.0,-1.0,-1.0,-1.0,-1.0,-1.0,-1.0,-1.0,-1.0,-1.0,-1.0,-1.0
BTC/USDT-1745496000000,1.5,32.16807883125646,1.2400663964807106,0.9191287573339237,1.6969526915607658,1.3741662219692135,1.6958104148750475,1.5591751518070596,1.6969526915607658,1.6969526915607658,1.5,1.5591751518070596
BTC/USDT-1746950400000,1.5,-1.0,1.2327424315335327,1.306272855874281,0.25,0.25,0.25,0.25,0.8,0.25,1.5,0.8
BTC/USDT-1752552000000,-1.0,-1.0,-1.0,-1.0,-1.0,-1.0,-1.0,-1.0,-1.0,-1.0,-1.0,-1.0
BTC/USDT-1757865600000,1.5,-1.0,1.5958962527042608,0.718234664395824,0.25,0.25,0.8825707773184707,0.8825707773184707,0.8,0.25,1.5,0.8
BTC/USDT-1767715200000,-1.0,-1.0,-1.0,-1.0,-1.0,-1.0,-1.0,-1.0,-1.0,-1.0,-1.0,-1.0
BTC/USDT-1778472000000,-1.0,-1.0,-1.0,-1.0,-1.0,-1.0,-1.0,-1.0,-1.0,-1.0,-1.0,-1.0
ETH/USDT-1526227200000,-1.0,-1.0,-1.0,-1.0,-1.0,-1.0,-1.0,-1.0,-1.0,-1.0,-1.0,-1.0
ETH/USDT-1526241600000,-1.0,-1.0,-1.0,-1.0,-1.0,-1.0,-1.0,-1.0,-1.0,-1.0,-1.0,-1.0
ETH/USDT-1554408000000,1.5,24.31047723474149,1.5138372976893337,1.5616321557696806,1.3588813367551578,2.4302408134088296,2.229125081644418,2.0336692672842624,1.3588813367551578,1.3588813367551578,1.5,2.0336692672842624
ETH/USDT-1561622400000,-1.0,-1.0,-1.0,-1.0,-1.0,-1.0,-1.0,-1.0,-1.0,-1.0,-1.0,-1.0
ETH/USDT-1579104000000,-1.0,-1.0,0.1,-1.0,-1.0,-1.0,-1.0,-1.0,-1.0,-1.0,-1.0,-1.0
ETH/USDT-1580745600000,-1.0,-1.0,-1.0,-1.0,-1.0,-1.0,-1.0,-1.0,-1.0,-1.0,-1.0,-1.0
ETH/USDT-1587384000000,-1.0,-1.0,-1.0,-1.0,-1.0,-1.0,-1.0,-1.0,-1.0,-1.0,-1.0,-1.0
ETH/USDT-1587916800000,1.5,-1.0,1.0286256514261076,0.25,0.25,0.25,0.25,0.25,0.8,0.25,1.5,0.8
ETH/USDT-1588276800000,-1.0,-1.0,-0.20291491531220152,-1.0,-1.0,-1.0,-1.0,-1.0,-1.0,0.2158457677585669,-0.20291491531220152,-1.0
ETH/USDT-1597521600000,-1.0,-1.0,-1.0,-1.0,-1.0,-1.0,-1.0,-1.0,-1.0,-1.0,-1.0,-1.0
ETH/USDT-1608307200000,1.5,-1.0,1.107721383342259,1.1721830845585979,0.7779710407347966,0.25,0.25,0.25,0.8,0.7779710407347966,1.5,0.8
ETH/USDT-1612483200000,1.5,-1.0,1.849312532053911,1.5314194767213178,1.2138870487912583,0.45116009243455446,1.4376864043463553,1.4376864043463553,1.2138870487912583,1.2138870487912583,1.5,1.4376864043463553
ETH/USDT-1634860800000,1.5,-1.0,1.0878029686654365,0.6905668362208774,0.25,0.25,0.25,0.25,0.8,0.25,1.5,0.8
ETH/USDT-1636574400000,-1.0,-1.0,-1.0,-1.0,-1.0,-1.0,-1.0,-1.0,-1.0,-1.0,-1.0,-1.0
ETH/USDT-1666886400000,-1.0,-1.0,0.1,-1.0,-1.0,-1.0,-1.0,-1.0,-1.0,-1.0,-1.0,-1.0
ETH/USDT-1673136000000,-1.0,-1.0,-1.0,-1.0,-1.0,-1.0,-1.0,-1.0,-1.0,-1.0,-1.0,-1.0
ETH/USDT-1673222400000,1.5,18.62523578379591,1.346116704949463,1.1879372932678103,1.308015529384442,4.706259378028561,4.831469366229105,3.953999292966697,1.308015529384442,1.308015529384442,1.5,3.953999292966697
ETH/USDT-1673337600000,1.5,56.751603529287976,0.1,1.0655165983741188,0.7714472747578383,11.548249729133287,3.804424207237842,10.387453742151802,0.8,0.7714472747578383,1.5,0.8
ETH/USDT-1673452800000,1.5,63.65788686012603,4.492362437195985,3.9140085319084577,11.493162461789655,11.76790366400193,3.873126486686454,10.584480091294973,11.493162461789655,11.493162461789655,1.5,10.584480091294973
ETH/USDT-1679284800000,-1.0,-1.0,-1.0,-1.0,-1.0,-1.0,-1.0,-1.0,-1.0,-1.0,-1.0,-1.0
ETH/USDT-1696262400000,-1.0,-1.0,-1.0,-1.0,-1.0,-1.0,-1.0,-1.0,-1.0,-1.0,-1.0,-1.0
ETH/USDT-1698336000000,-1.0,-1.0,-1.0,-1.0,-1.0,-1.0,-1.0,-1.0,-1.0,-1.0,-1.0,-1.0
ETH/USDT-1699660800000,-1.0,-1.0,-1.0,-1.0,-1.0,-1.0,-1.0,-1.0,-1.0,-1.0,-1.0,-1.0
ETH/USDT-1702166400000,1.5,-1.0,0.8549170660167369,0.3072586882197872,0.25,0.25,0.25,0.25,0.8,0.25,1.5,0.8
ETH/USDT-1705032000000,1.5,-1.0,0.1,1.2934248886020518,0.25,0.25,1.8397069006983153,1.8397069006983153,0.8,0.25,1.5,1.8397069006983153
ETH/USDT-1705089600000,-1.0,-1.0,-1.0,-1.0,-1.0,-1.0,-1.0,-1.0,-1.0,-1.0,-1.0,-1.0
ETH/USDT-1707422400000,1.5,43.142840296330235,3.278117452492451,3.1353258803154906,3.0673565586574023,13.648492040444584,2.719963729092262,31.36973943293644,3.0673565586574023,3.0673565586574023,1.5,31.36973943293644
ETH/USDT-1752307200000,-1.0,-1.0,-1.0,-1.0,-1.0,-1.0,-1.0,-1.0,-1.0,-1.0,-1.0,-1.0
ETH/USDT-1773763200000,-1.0,-1.0,-1.0,-1.0,-1.0,-1.0,-1.0,-1.0,-1.0,-1.0,-1.0,-1.0
ETH/USDT-1776110400000,1.5,-1.0,2.150078117252895,2.0762898778918717,1.5828328340469637,1.3713553738435307,1.7169275644516375,1.4456158116802893,1.5828328340469637,1.5828328340469637,1.5,1.4456158116802893
SOL/USDT-1609761600000,1.5,128.4653500106982,1.2276341396218842,1.2188565946199552,0.679525218390308,0.428580719253032,3.7838503007392505,3.1720935773439285,0.8,0.679525218390308,1.5,0.8
SOL/USDT-1610179200000,1.5,-1.0,0.8893458155662969,0.44437320431916905,0.25,0.25,0.25,0.25,0.8,0.25,1.5,0.8
SOL/USDT-1612584000000,1.5,58.7222654481596,-0.3963270411286897,1.5240758864919564,2.082662256305736,1.7267508366421722,2.760388986428103,2.1840845766843393,2.082662256305736,2.082662256305736,-0.3963270411286897,2.1840845766843393
SOL/USDT-1612915200000,1.5,-1.0,1.1390714883712825,0.8279745482330907,0.25,0.25,0.25,0.25,0.8,0.25,1.5,0.8
SOL/USDT-1612972800000,1.5,119.30819039696983,3.095971934263816,2.951463736383956,3.2696405242200233,2.494220163543515,2.8366867081547906,2.5570056967222508,3.2696405242200233,3.2696405242200233,1.5,2.5570056967222508
SOL/USDT-1617033600000,1.5,20.623165011042744,2.391379934505597,2.0435107746857737,1.57686987080859,0.9727950165960539,1.8346128851145882,1.724170842579399,1.57686987080859,1.57686987080859,1.5,1.724170842579399
SOL/USDT-1619164800000,1.5,-1.0,1.8950216174728771,5.319283253004384,5.866268228838095,5.529073899417692,2.306737584806483,4.775169850474615,5.866268228838095,5.866268228838095,1.5,4.775169850474615
SOL/USDT-1619539200000,-1.0,-1.0,-1.0,-1.0,-1.0,-1.0,-1.0,-1.0,-1.0,-1.0,-1.0,-1.0
SOL/USDT-1629244800000,-1.0,-1.0,-1.0,-1.0,-1.0,-1.0,-1.0,-1.0,-1.0,-1.0,-1.0,-1.0
SOL/USDT-1633363500000,1.5,-1.0,0.8,0.25,0.25,0.25,2.2175152109223357,1.3279752215324896,0.8,0.25,1.5,1.3279752215324896
SOL/USDT-1638547200000,-1.0,-1.0,-1.0,-1.0,-1.0,-1.0,-1.0,-1.0,-1.0,-1.0,-1.0,-1.0
SOL/USDT-1667736000000,-1.0,-1.0,-1.0,-1.0,-1.0,-1.0,-1.0,-1.0,-1.0,-1.0,-1.0,-1.0
SOL/USDT-1682510400000,-1.0,-1.0,0.1,-1.0,-1.0,-1.0,-1.0,-1.0,-1.0,-1.0,-1.0,-1.0
SOL/USDT-1685937600000,-1.0,-1.0,-1.0,-1.0,-1.0,-1.0,-1.0,-1.0,-1.0,-1.0,-1.0,-1.0
SOL/USDT-1703606400000,-1.0,-1.0,-1.0,-1.0,-1.0,-1.0,-1.0,-1.0,-1.0,-1.0,-1.0,-1.0
SOL/USDT-1704744000000,-1.0,-1.0,-1.0,-1.0,-1.0,-1.0,-1.0,-1.0,-1.0,-1.0,-1.0,-1.0
SOL/USDT-1710849600000,1.5,-1.0,0.8,0.25,0.25,0.25,0.25,0.25,0.8,0.25,1.5,0.8
SOL/USDT-1711468800000,-1.0,-1.0,-1.0,-1.0,-1.0,-1.0,-1.0,-1.0,-1.0,-1.0,-1.0,-1.0
SOL/USDT-1721692800000,-1.0,-1.0,-1.0,-1.0,-1.0,-1.0,-1.0,-1.0,-1.0,-1.0,-1.0,-1.0
SOL/USDT-1727697600000,1.5,-1.0,0.8,0.25,0.25,0.25,0.25,0.25,0.8,0.25,1.5,0.8
SOL/USDT-1747080000000,1.5,-1.0,0.8,0.25,0.25,0.25,0.25,0.25,0.8,0.25,1.5,0.8
SOL/USDT-1752321600000,-1.0,-1.0,-1.0,-1.0,-1.0,-1.0,-1.0,-1.0,-1.0,-1.0,-1.0,-1.0
SOL/USDT-1756468800000,1.5,-1.0,0.8,0.25,0.25,0.25,1.408564730075336,1.408564730075336,0.8,0.25,1.5,0.8
SOL/USDT-1778587200000,-1.0,-1.0,-1.0,-1.0,-1.0,-1.0,-1.0,-1.0,-1.0,-1.0,-1.0,-1.0
