no,open_date,close_date,is_short,open_rate,close_rate,stake_amount,amount,profit_abs,profit_ratio,funding_fees,exit_reason,enter_tag,leverage
1,2020-01-01 04:00:00+00:00,2020-01-25 04:00:00+00:00,False,7221.8,8299.6,4946.933,0.685,666.82848774,0.13472898058654523,-66.14843276376195,exit_signal,PORTEUR,1.0
2,2020-01-28 04:00:00+00:00,2020-01-30 04:00:00+00:00,False,9124.53,9288.05,5273.97834,0.578,69.3812797,0.013148822753185898,-19.812044680225668,exit_signal,PORTEUR,1.0
3,2020-02-04 04:00:00+00:00,2020-02-06 04:00:00+00:00,True,9293.8,9644.1,5306.7598,0.571,-187.62967036,-0.03537441663104161,17.798400090156484,exit_signal,HOSTILE,1.0
4,2020-02-07 04:00:00+00:00,2020-02-08 04:00:00+00:00,True,9788.15,9726.99,5217.08395,0.533,32.3250663,0.006199102262569348,4.927571108328679,exit_signal,HOSTILE,1.0
5,2020-02-10 04:00:00+00:00,2020-02-11 04:00:00+00:00,True,10106.31,9749.25,5235.06858,0.518,193.51868488,0.03698432783975356,13.704194924504437,exit_signal,HOSTILE,1.0
6,2020-02-21 04:00:00+00:00,2020-02-23 04:00:00+00:00,True,9709.86,9793.8,5330.71314,0.549,-47.09501075,-0.008839074397279894,4.341803918016013,exit_signal,HOSTILE,1.0
7,2020-04-16 04:00:00+00:00,2020-04-24 04:00:00+00:00,False,6645.84,7523.0,5310.02616,0.799,704.847822,0.13267271252254875,9.65743358146665,exit_signal,PORTEUR,1.0
8,2020-04-28 04:00:00+00:00,2020-04-29 04:00:00+00:00,False,7702.54,7813.98,5653.66436,0.734,74.402218,0.013153422408375666,-1.700179160269092,exit_signal,PORTEUR,1.0
9,2020-04-30 04:00:00+00:00,2020-05-12 04:00:00+00:00,False,9306.03,8712.68,5695.29036,0.612,-412.10300827,-0.0723223986318636,-43.45908300901776,exit_signal,PORTEUR,1.0
10,2020-05-14 04:00:00+00:00,2020-05-16 04:00:00+00:00,False,9347.28,9401.54,5486.85336,0.587,23.28958545,0.004242494732310764,-3.0582558800382023,exit_signal,PORTEUR,1.0
11,2020-05-19 04:00:00+00:00,2020-05-26 04:00:00+00:00,False,9526.02,8900.01,5496.51354,0.577,-370.97389716,-0.067458853727948,-4.450217504378849,exit_signal,PORTEUR,1.0
12,2020-05-27 04:00:00+00:00,2020-06-27 04:00:00+00:00,False,8825.33,9161.0,5312.84866,0.602,157.04834809,0.029545329295794544,-39.61110657559543,exit_signal,PORTEUR,1.0
13,2020-07-17 04:00:00+00:00,2020-09-08 04:00:00+00:00,False,9117.85,10306.49,5388.64935,0.591,410.95263834,0.07622453012416668,-285.7937091909189,exit_signal,PORTEUR,1.0
14,2020-09-09 04:00:00+00:00,2020-09-23 04:00:00+00:00,False,10028.25,10470.87,5595.7635,0.558,235.20371152,0.04201145535113879,-6.058994004422709,exit_signal,PORTEUR,1.0
15,2020-10-07 04:00:00+00:00,2020-10-08 04:00:00+00:00,False,10571.35,10634.23,5708.529,0.54,28.03471513,0.0049085683505525135,-0.19497826690246467,exit_signal,PORTEUR,1.0
16,2020-10-09 04:00:00+00:00,2020-10-16 04:00:00+00:00,False,10881.55,11507.1,5723.6953,0.526,310.61466421,0.05424108346451525,-12.53642084294587,exit_signal,PORTEUR,1.0
17,2020-10-17 04:00:00+00:00,2020-11-29 04:00:00+00:00,False,11358.71,17870.01,5883.81178,0.518,3178.51412256,0.5399434547734862,-186.76903895744056,exit_signal,PORTEUR,1.0
18,2020-11-30 04:00:00+00:00,2021-01-04 04:00:00+00:00,False,18575.24,33562.23,7448.67124,0.401,5692.07297563,0.7637910411319583,-307.25645163433126,exit_signal,PORTEUR,1.0
19,2021-01-05 04:00:00+00:00,2021-01-08 04:00:00+00:00,False,31218.96,38374.72,10271.03784,0.329,2206.09360554,0.21468045822962403,-136.703274099174,exit_signal,PORTEUR,1.0
20,2021-01-09 04:00:00+00:00,2021-01-12 04:00:00+00:00,False,40275.84,35019.09,11357.78688,0.282,-1579.04513795,-0.13895805816925377,-86.02505281818111,exit_signal,PORTEUR,1.0
21,2021-01-14 04:00:00+00:00,2021-01-16 04:00:00+00:00,False,37107.37,36566.05,10575.60045,0.285,-206.76927034,-0.0195417686540261,-41.994607992558386,exit_signal,PORTEUR,1.0
22,2021-01-27 04:00:00+00:00,2021-02-01 04:00:00+00:00,False,31817.42,33600.37,10467.93118,0.329,509.39783291,0.04863838446436561,-66.43149063762348,exit_signal,PORTEUR,1.0
23,2021-03-03 04:00:00+00:00,2021-03-06 04:00:00+00:00,False,48728.07,48676.99,10720.1754,0.22,-35.60555091,-0.003319699137710401,-13.653394310159673,exit_signal,PORTEUR,1.0
24,2021-04-06 04:00:00+00:00,2021-04-08 04:00:00+00:00,False,58681.44,56590.01,10680.02208,0.182,-427.54327048,-0.04001205264148306,-36.41330852899311,exit_signal,PORTEUR,1.0
25,2021-04-20 04:00:00+00:00,2021-05-17 04:00:00+00:00,False,54552.0,42991.01,10473.984,0.192,-2474.3052843,-0.23611538359472745,-245.2310753412223,exit_signal,PORTEUR,1.0
26,2021-05-18 04:00:00+00:00,2021-05-19 04:00:00+00:00,False,44819.76,40638.04,9277.69032,0.207,-878.66579075,-0.09466005515597922,-4.2048684519687,exit_signal,PORTEUR,1.0
27,2021-05-26 04:00:00+00:00,2021-05-27 04:00:00+00:00,False,39495.04,37633.3,8846.88896,0.224,-428.32146534,-0.04839072961917031,-2.653331262356768,exit_signal,PORTEUR,1.0
28,2021-05-28 04:00:00+00:00,2021-05-29 04:00:00+00:00,False,38225.24,36470.04,8600.679,0.225,-405.78445592,-0.04715693552653882,-2.461236918996375,exit_signal,PORTEUR,1.0
29,2021-06-05 04:00:00+00:00,2021-06-06 04:00:00+00:00,False,37414.24,35992.23,8418.204,0.225,-330.67178349,-0.0392609314557936,-2.4613056154359,exit_signal,PORTEUR,1.0
30,2021-07-30 04:00:00+00:00,2021-08-05 04:00:00+00:00,False,39951.21,39450.0,8269.90047,0.207,-125.14324604,-0.015124813912924443,-13.174750808715086,exit_signal,PORTEUR,1.0
31,2021-08-09 04:00:00+00:00,2021-08-10 04:00:00+00:00,False,43486.16,45728.39,8175.39808,0.188,410.59745769,0.050198443860879294,-2.555614611217008,exit_signal,PORTEUR,1.0
32,2021-08-11 04:00:00+00:00,2021-08-20 04:00:00+00:00,False,45588.4,47092.39,8388.2656,0.184,245.02443916,0.0291957837107491,-23.18308816013601,exit_signal,PORTEUR,1.0
33,2021-08-25 04:00:00+00:00,2021-08-27 04:00:00+00:00,False,48005.02,46845.71,8496.88854,0.177,-219.64897395,-0.025837599647720703,-6.056814340949079,exit_signal,PORTEUR,1.0
34,2021-09-01 04:00:00+00:00,2021-09-12 04:00:00+00:00,False,47086.6,45327.95,8381.4148,0.178,-376.80311736,-0.04493451510776229,-55.53852240671286,exit_signal,PORTEUR,1.0
35,2021-09-16 04:00:00+00:00,2021-09-22 04:00:00+00:00,False,47614.56,42045.66,8237.31888,0.173,-985.60027072,-0.11959081968447108,-14.42496169047753,exit_signal,PORTEUR,1.0
36,2021-10-12 04:00:00+00:00,2021-10-13 04:00:00+00:00,False,56743.25,56275.51,7717.082,0.136,-73.606063,-0.009533302660360432,-2.308147317125336,exit_signal,PORTEUR,1.0
37,2021-10-19 04:00:00+00:00,2021-11-17 04:00:00+00:00,False,62634.83,59079.01,7704.08409,0.123,-664.21514291,-0.08617289135915251,-219.36388174538135,exit_signal,PORTEUR,1.0
38,2021-12-23 04:00:00+00:00,2021-12-27 04:00:00+00:00,False,48509.29,51007.02,7373.41208,0.152,363.36727543,0.04925612167721211,-8.724445014499857,exit_signal,PORTEUR,1.0
39,2021-12-28 04:00:00+00:00,2021-12-31 04:00:00+00:00,False,49826.47,47185.18,7523.79697,0.151,-411.70226984,-0.05469266691007086,-5.543100263254,exit_signal,PORTEUR,1.0
40,2022-01-01 04:00:00+00:00,2022-01-02 04:00:00+00:00,False,46789.55,47330.76,7345.95935,0.157,75.35058695,0.010252293389665657,-2.230938711851824,exit_signal,PORTEUR,1.0
41,2022-01-04 04:00:00+00:00,2022-01-05 04:00:00+00:00,False,46313.95,46412.87,7363.91805,0.159,6.14199211,0.000833648963363418,-2.214505699919952,exit_signal,PORTEUR,1.0
42,2022-02-02 04:00:00+00:00,2022-02-04 04:00:00+00:00,False,38540.28,37282.8,7399.73376,0.192,-249.16595252,-0.033655458409911486,-0.4507768423046035,exit_signal,PORTEUR,1.0
43,2022-02-08 04:00:00+00:00,2022-02-12 04:00:00+00:00,False,44162.22,42279.99,7242.60408,0.164,-319.98918523,-0.04415943037365403,-4.215204008998699,exit_signal,PORTEUR,1.0
44,2022-02-16 04:00:00+00:00,2022-02-19 04:00:00+00:00,False,43970.9,40107.7,7079.3149,0.161,-632.6079822,-0.08931539918952597,-3.864454896047518,exit_signal,PORTEUR,1.0
45,2022-02-26 04:00:00+00:00,2022-03-01 04:00:00+00:00,False,39380.0,43140.9,6773.36,0.172,639.73732091,0.09440183485064252,-0.040681689816098224,exit_signal,PORTEUR,1.0
46,2022-03-02 04:00:00+00:00,2022-03-04 04:00:00+00:00,False,44320.3,41441.1,7091.248,0.16,-471.69991424,-0.0664853608488838,-4.167002244198881,exit_signal,PORTEUR,1.0
47,2022-04-15 04:00:00+00:00,2022-04-17 04:00:00+00:00,True,40180.0,40215.7,6870.78,0.171,-11.92936797,-0.0017371150928743035,1.0491643833765767,exit_signal,HOSTILE,1.0
48,2022-04-19 04:00:00+00:00,2022-04-20 04:00:00+00:00,True,40683.2,41372.5,6875.4608,0.169,-122.68549124,-0.01785289280862981,0.7399154052722985,exit_signal,HOSTILE,1.0
49,2022-04-21 04:00:00+00:00,2022-04-22 04:00:00+00:00,True,41673.9,40470.5,6792.8457,0.163,189.66942592,0.02793590734352129,0.2099945190491548,exit_signal,HOSTILE,1.0
50,2022-04-24 04:00:00+00:00,2022-04-27 04:00:00+00:00,True,39750.1,38324.8,6916.5174,0.174,240.4976426,0.03478888834658146,-0.7120411042408861,exit_signal,HOSTILE,1.0
51,2022-04-28 04:00:00+00:00,2022-06-12 04:00:00+00:00,True,39333.0,27538.2,7001.274,0.178,2132.55337243,0.30474741918703085,39.030509232254865,exit_signal,HOSTILE,1.0
52,2022-06-14 04:00:00+00:00,2022-08-02 04:00:00+00:00,True,22106.5,22845.3,8090.979,0.366,-219.84929294,-0.027185742612394388,58.777686463114826,exit_signal,HOSTILE,1.0
53,2022-08-23 04:00:00+00:00,2022-08-24 04:00:00+00:00,True,21228.5,21253.1,7981.916,0.376,-17.28771175,-0.002166943366726107,-0.051570946534170395,exit_signal,HOSTILE,1.0
54,2022-08-30 04:00:00+00:00,2022-08-31 04:00:00+00:00,True,20261.4,20392.7,7962.7302,0.393,-60.47944951,-0.007599115233388304,-0.8900188607995733,exit_signal,HOSTILE,1.0
55,2022-09-01 04:00:00+00:00,2022-09-03 04:00:00+00:00,True,20017.0,19890.3,7926.732,0.396,43.66599964,0.0055114571253047145,1.3944450409784743,exit_signal,HOSTILE,1.0
56,2022-09-04 04:00:00+00:00,2022-09-06 04:00:00+00:00,True,19766.0,19780.3,7945.932,0.402,-12.13339538,-0.001527758494857026,1.564010921080767,exit_signal,HOSTILE,1.0
57,2022-09-07 04:00:00+00:00,2022-09-11 04:00:00+00:00,True,18736.2,21537.4,7944.1488,0.424,-1190.30280645,-0.14990885563193238,5.94399674935245,exit_signal,HOSTILE,1.0
58,2022-09-17 04:00:00+00:00,2022-09-19 04:00:00+00:00,True,19875.1,18766.2,7353.787,0.37,405.14721954,0.05512124494321682,2.0028600408530024,exit_signal,HOSTILE,1.0
59,2022-09-20 04:00:00+00:00,2022-10-27 04:00:00+00:00,True,19353.8,20744.3,7567.3358,0.391,-504.11879679,-0.06665106394262833,47.40588176197147,exit_signal,HOSTILE,1.0
60,2022-10-29 04:00:00+00:00,2022-11-08 04:00:00+00:00,True,20745.2,20140.6,7302.3104,0.352,215.26192708,0.029493352115782828,9.638627884779035,exit_signal,HOSTILE,1.0
61,2022-11-14 04:00:00+00:00,2022-11-15 04:00:00+00:00,True,16130.0,16809.0,7419.8,0.46,-321.42828144,-0.04334201406749359,-1.512311444603842,exit_signal,HOSTILE,1.0
62,2022-11-25 04:00:00+00:00,2022-11-28 04:00:00+00:00,True,16480.2,16169.0,7267.7682,0.441,130.82481555,0.018009691156680007,0.7847641493860961,exit_signal,HOSTILE,1.0
63,2022-12-27 04:00:00+00:00,2022-12-28 04:00:00+00:00,True,16868.1,16643.2,7320.7554,0.434,90.86562533,0.012418265042762555,0.530977428973074,exit_signal,HOSTILE,1.0
64,2022-12-31 04:00:00+00:00,2023-01-05 04:00:00+00:00,True,16549.0,16819.0,7364.305,0.445,-121.644966,-0.016526450073626055,5.9294140035233935,exit_signal,HOSTILE,1.0
65,2023-02-23 04:00:00+00:00,2023-03-21 04:00:00+00:00,True,24444.3,27773.1,7308.8457,0.299,-967.57810302,-0.13245075540273665,35.53959827954661,exit_signal,HOSTILE,1.0
66,2023-05-12 04:00:00+00:00,2023-05-13 04:00:00+00:00,True,26574.7,26794.6,6829.6979,0.257,-62.91831685,-0.009217068260936248,0.45393819720639794,exit_signal,HOSTILE,1.0
67,2023-05-19 04:00:00+00:00,2023-05-20 04:00:00+00:00,True,26825.0,26849.2,6786.725,0.253,-11.98799341,-0.0017672721975920051,0.9243928912137448,exit_signal,HOSTILE,1.0
68,2023-05-26 04:00:00+00:00,2023-05-27 04:00:00+00:00,True,26425.7,26739.6,6791.4049,0.257,-86.02099643,-0.01267249261551496,1.483044616181617,exit_signal,HOSTILE,1.0
69,2023-05-28 04:00:00+00:00,2023-05-29 04:00:00+00:00,True,27174.5,27948.0,6739.276,0.248,-196.61622776,-0.02918927568072984,2.04696224,exit_signal,HOSTILE,1.0
70,2023-06-02 04:00:00+00:00,2023-06-04 04:00:00+00:00,True,26985.2,27048.3,6638.3592,0.246,-19.02779023,-0.002867773241984589,3.1409302676952464,exit_signal,HOSTILE,1.0
71,2023-06-06 04:00:00+00:00,2023-06-10 04:00:00+00:00,True,25719.8,26312.6,6635.7084,0.258,-155.15593395,-0.023393666714674,4.498645647838472,exit_signal,HOSTILE,1.0
72,2023-07-11 04:00:00+00:00,2023-07-12 04:00:00+00:00,False,30460.9,30581.3,6549.0935,0.215,18.05811474,0.0027559677068135537,-1.265848757385,exit_signal,PORTEUR,1.0
73,2023-07-15 04:00:00+00:00,2023-07-17 04:00:00+00:00,False,30276.0,30295.9,6569.892,0.217,-3.77351186,-0.0005740773283604224,-1.5197607086974192,exit_signal,PORTEUR,1.0
74,2023-08-09 04:00:00+00:00,2023-08-31 04:00:00+00:00,True,29710.0,27207.8,6565.91,0.221,565.63790137,0.08619077352581751,18.94111826974135,exit_signal,HOSTILE,1.0
75,2023-09-02 04:00:00+00:00,2023-09-05 04:00:00+00:00,True,25786.1,25681.7,6859.1026,0.266,21.685079,0.0031630853522269433,0.7598963971853673,exit_signal,HOSTILE,1.0
76,2023-09-06 04:00:00+00:00,2023-09-09 04:00:00+00:00,True,25770.1,25866.2,6854.8466,0.266,-32.00637745,-0.0046714960250638085,0.4238504507069312,exit_signal,HOSTILE,1.0
77,2023-09-10 04:00:00+00:00,2023-09-15 04:00:00+00:00,True,25851.1,26602.7,6850.5415,0.265,-204.97197918,-0.02993551917585188,1.1521493193261487,exit_signal,HOSTILE,1.0
78,2023-09-17 04:00:00+00:00,2023-09-18 04:00:00+00:00,True,26511.1,26646.2,6733.8194,0.254,-40.98002525,-0.0060887474221177325,0.08635185220453755,exit_signal,HOSTILE,1.0
79,2023-09-23 04:00:00+00:00,2023-09-24 04:00:00+00:00,True,26519.0,26559.9,6735.826,0.254,-17.10441686,-0.002540590173599101,0.025203438196498427,exit_signal,HOSTILE,1.0
80,2023-09-25 04:00:00+00:00,2023-09-26 04:00:00+00:00,True,26148.5,26338.8,6720.1645,0.257,-55.01666561,-0.008190898854314047,0.6350524427459999,exit_signal,HOSTILE,1.0
81,2023-11-03 04:00:00+00:00,2023-11-13 04:00:00+00:00,False,34680.1,36941.2,6693.2593,0.193,402.91469513,0.060167000919980736,-26.566149424508883,exit_signal,PORTEUR,1.0
82,2023-11-14 04:00:00+00:00,2023-12-26 04:00:00+00:00,False,36473.1,43488.0,6893.4159,0.189,1195.27149897,0.17330655501129064,-122.9882770815274,exit_signal,PORTEUR,1.0
83,2023-12-27 04:00:00+00:00,2024-01-02 04:00:00+00:00,False,42274.7,45434.9,7482.6219,0.177,498.89379252,0.06664034037118159,-52.69930787574316,exit_signal,PORTEUR,1.0
84,2024-01-03 04:00:00+00:00,2024-01-17 04:00:00+00:00,False,45297.8,42842.0,7700.626,0.17,-457.08293459,-0.05932693099708151,-32.10505159109143,exit_signal,PORTEUR,1.0
85,2024-02-15 04:00:00+00:00,2024-02-23 04:00:00+00:00,False,52379.9,51129.8,7490.3257,0.143,-209.18183793,-0.02791297837427281,-23.016594381735334,exit_signal,PORTEUR,1.0
86,2024-02-24 04:00:00+00:00,2024-03-01 04:00:00+00:00,False,50878.2,61183.4,7377.339,0.145,1433.33636473,0.1941919782597287,-52.793169274365205,exit_signal,PORTEUR,1.0
87,2024-03-05 04:00:00+00:00,2024-03-06 04:00:00+00:00,False,68203.7,63323.6,8116.2403,0.119,-604.85932665,-0.07448732735598489,-16.3015522990422,exit_signal,PORTEUR,1.0
88,2024-03-08 04:00:00+00:00,2024-04-02 04:00:00+00:00,False,67220.0,66734.1,7797.52,0.116,-238.97898915,-0.03063276007888596,-174.8452513451782,exit_signal,PORTEUR,1.0
89,2024-04-03 04:00:00+00:00,2024-04-06 04:00:00+00:00,False,66252.2,67793.4,7685.2552,0.116,164.00752634,0.021329879007559945,-6.997028859705033,exit_signal,PORTEUR,1.0
90,2024-04-10 04:00:00+00:00,2024-04-11 04:00:00+00:00,False,69193.2,70900.5,7749.6384,0.112,180.52862869,0.023283461778714393,-2.8437241128630557,exit_signal,PORTEUR,1.0
91,2024-05-10 04:00:00+00:00,2024-05-28 04:00:00+00:00,False,62880.0,68070.0,7860.0,0.125,608.44442759,0.07737154674443948,-32.1211974110981,exit_signal,PORTEUR,1.0
92,2024-05-29 04:00:00+00:00,2024-06-01 04:00:00+00:00,False,68862.0,67750.0,8125.716,0.118,-147.23988683,-0.018111179824419277,-7.9637788261141775,exit_signal,PORTEUR,1.0
93,2024-07-16 04:00:00+00:00,2024-07-24 04:00:00+00:00,False,64725.1,66027.4,8090.6375,0.125,148.83781681,0.018387109185457114,-5.777651938131377,exit_signal,PORTEUR,1.0
94,2024-07-25 04:00:00+00:00,2024-07-31 04:00:00+00:00,False,64073.9,66028.1,8137.3853,0.127,228.94773859,0.02812123470779189,-10.974184410076624,exit_signal,PORTEUR,1.0
95,2024-08-01 04:00:00+00:00,2024-08-02 04:00:00+00:00,False,63912.7,64600.1,8244.7383,0.129,77.90195792,0.009443965784432065,-2.4835664838426093,exit_signal,PORTEUR,1.0
96,2024-08-10 04:00:00+00:00,2024-08-11 04:00:00+00:00,False,60410.0,61054.8,8276.17,0.137,79.95584404,0.009656143614371324,-0.06141715978661347,exit_signal,PORTEUR,1.0
97,2024-08-17 04:00:00+00:00,2024-09-03 04:00:00+00:00,False,59128.2,59087.9,8337.0762,0.141,-14.57946701,-0.0017478766620293372,-0.5629319642169353,exit_signal,PORTEUR,1.0
98,2024-09-04 04:00:00+00:00,2024-09-07 04:00:00+00:00,False,56632.9,53789.3,8325.0363,0.147,-427.48742911,-0.05132395545397118,-1.3621974134613928,exit_signal,PORTEUR,1.0
99,2024-09-09 04:00:00+00:00,2024-09-10 04:00:00+00:00,False,55085.0,56500.0,8097.495,0.147,201.19814619,0.02483454418820936,1.3946436948336864,exit_signal,PORTEUR,1.0
100,2024-09-12 04:00:00+00:00,2024-09-18 04:00:00+00:00,False,58197.9,60490.1,8205.9039,0.141,313.39963674,0.038172883700524914,-1.4330592581667438,exit_signal,PORTEUR,1.0
101,2024-09-20 04:00:00+00:00,2024-10-04 04:00:00+00:00,False,63723.2,60928.7,8347.7392,0.131,-393.2546225,-0.04708557419394144,-19.0104230468557,exit_signal,PORTEUR,1.0
102,2024-10-06 04:00:00+00:00,2024-10-11 04:00:00+00:00,False,61852.5,60572.6,8164.53,0.132,-182.39985013,-0.02232935585785207,-5.37299352782314,exit_signal,PORTEUR,1.0
103,2024-10-15 04:00:00+00:00,2024-10-16 04:00:00+00:00,False,65382.2,67064.5,8107.3928,0.124,198.06911226,0.024418469917530307,-2.324392344544342,exit_signal,PORTEUR,1.0
104,2024-11-08 04:00:00+00:00,2025-02-27 04:00:00+00:00,False,75900.4,85174.0,8197.2432,0.108,642.276461,0.07831358270038528,-350.5743213964055,exit_signal,PORTEUR,1.0
105,2025-03-04 04:00:00+00:00,2025-03-05 04:00:00+00:00,False,83928.9,86813.7,8476.8189,0.101,282.29313015,0.033285134134803634,-0.44916855188897487,exit_signal,PORTEUR,1.0
106,2025-03-07 04:00:00+00:00,2025-03-10 04:00:00+00:00,False,86958.4,82000.1,8608.8816,0.099,-501.04539357,-0.05817189959633828,-1.8102478174191836,exit_signal,PORTEUR,1.0
107,2025-03-14 04:00:00+00:00,2025-03-15 04:00:00+00:00,False,81861.5,84440.0,8349.873,0.102,254.56489843,0.03047204186102051,0.039274929007365,exit_signal,PORTEUR,1.0
108,2025-03-16 04:00:00+00:00,2025-03-17 04:00:00+00:00,False,84296.0,83641.1,8513.896,0.101,-75.17981569,-0.008825835383438573,-0.55409213676,exit_signal,PORTEUR,1.0
109,2025-03-21 04:00:00+00:00,2025-04-03 04:00:00+00:00,False,84410.0,83449.2,8441.0,0.1,-111.22648598,-0.013170347178028096,-6.753525984844306,exit_signal,PORTEUR,1.0
110,2025-04-04 04:00:00+00:00,2025-04-05 04:00:00+00:00,False,82787.9,83585.6,8444.3658,0.102,71.06356318,0.008411294683068123,-1.816788324786,exit_signal,PORTEUR,1.0
111,2025-04-11 04:00:00+00:00,2025-04-13 04:00:00+00:00,False,80796.9,85388.8,8483.6745,0.105,471.75711306,0.05557984955502572,-1.6676376852736825,exit_signal,PORTEUR,1.0
112,2025-04-14 04:00:00+00:00,2025-04-15 04:00:00+00:00,False,84536.4,85351.9,8707.2492,0.103,74.5969328,0.008562940058441562,-0.6503197468443432,exit_signal,PORTEUR,1.0
113,2025-04-23 04:00:00+00:00,2025-07-29 04:00:00+00:00,False,93126.0,118745.6,8753.844,0.094,2261.71253678,0.25823880864876864,-136.57189802416045,exit_signal,PORTEUR,1.0
114,2025-08-09 04:00:00+00:00,2025-08-20 04:00:00+00:00,False,116331.6,113465.4,9771.8544,0.084,-274.39594745,-0.028066199803486583,-23.983673448896845,exit_signal,PORTEUR,1.0
115,2025-08-23 04:00:00+00:00,2025-09-08 04:00:00+00:00,False,115522.6,111004.8,9703.8984,0.084,-417.17230316,-0.04296869196913432,-28.162952364000464,exit_signal,PORTEUR,1.0
116,2025-09-09 04:00:00+00:00,2025-10-12 04:00:00+00:00,False,111657.7,110643.3,9490.9045,0.085,-147.65230189,-0.015549467664929425,-51.98050939431656,exit_signal,PORTEUR,1.0
117,2025-10-14 04:00:00+00:00,2025-10-15 04:00:00+00:00,False,113440.9,111978.7,9415.5947,0.083,-129.85358244,-0.013784438713781088,0.8639309580068415,exit_signal,PORTEUR,1.0
118,2025-10-25 04:00:00+00:00,2025-10-31 04:00:00+00:00,False,110962.3,109186.3,9320.8332,0.084,-165.80482067,-0.017779736653817053,-7.374579471151938,exit_signal,PORTEUR,1.0
119,2025-11-20 04:00:00+00:00,2025-11-28 04:00:00+00:00,True,92404.7,91168.0,9240.47,0.1,119.78844319,0.012969942803091924,5.29707819394671,exit_signal,HOSTILE,1.0
120,2025-12-04 04:00:00+00:00,2025-12-07 04:00:00+00:00,False,93500.0,89675.7,9350.0,0.1,-394.29649674,-0.042149673477699656,-2.7077117381582374,exit_signal,PORTEUR,1.0
121,2025-12-11 04:00:00+00:00,2025-12-14 04:00:00+00:00,False,89833.1,90222.4,9162.9762,0.102,26.66637291,0.002908776123068681,-3.85939659483803,exit_signal,PORTEUR,1.0
122,2025-12-18 04:00:00+00:00,2025-12-20 04:00:00+00:00,False,86575.1,88165.3,9176.9606,0.106,155.3006785,0.016914431011779297,-3.999280296865811,exit_signal,PORTEUR,1.0
123,2025-12-21 04:00:00+00:00,2025-12-26 04:00:00+00:00,False,88043.3,88796.2,9244.5465,0.105,61.54827398,0.00665446544320901,-8.222152270231705,exit_signal,PORTEUR,1.0
124,2026-01-03 04:00:00+00:00,2026-01-09 04:00:00+00:00,False,90280.0,91190.1,9298.84,0.103,75.37325249,0.008101611028649936,-9.021337357199036,exit_signal,PORTEUR,1.0
125,2026-01-15 04:00:00+00:00,2026-01-20 04:00:00+00:00,False,95943.1,92396.9,9306.4807,0.097,-358.96152889,-0.038551859654218104,-5.845638890376948,exit_signal,PORTEUR,1.0
126,2026-01-21 04:00:00+00:00,2026-01-22 04:00:00+00:00,False,89395.9,89856.9,9118.3818,0.102,36.52787357,0.004003958110266855,-1.352233634282231,exit_signal,PORTEUR,1.0
127,2026-01-25 04:00:00+00:00,2026-01-27 04:00:00+00:00,False,88920.0,88744.7,9158.76,0.103,-29.90314889,-0.0032633462158202856,-2.6975168381000327,exit_signal,PORTEUR,1.0
128,2026-01-28 04:00:00+00:00,2026-01-31 04:00:00+00:00,False,89079.8,83987.5,9086.1396,0.102,-532.07396317,-0.058529593705607355,-3.8329308666414974,exit_signal,PORTEUR,1.0
129,2026-02-04 04:00:00+00:00,2026-02-10 04:00:00+00:00,False,76661.1,69473.2,8892.6876,0.116,-836.92674737,-0.09406700547126363,5.345442028710316,exit_signal,PORTEUR,1.0
130,2026-04-07 04:00:00+00:00,2026-04-09 04:00:00+00:00,True,68746.4,70961.2,8455.8072,0.123,-279.06819742,-0.03301965084074532,1.944219983285489,exit_signal,HOSTILE,1.0
131,2026-04-19 04:00:00+00:00,2026-05-13 04:00:00+00:00,False,75472.9,81217.0,8302.019,0.11,635.47277578,0.07650611233013434,12.23972027725392,exit_signal,PORTEUR,1.0
132,2026-06-04 04:00:00+00:00,2026-06-16 04:00:00+00:00,True,64336.2,66125.4,8621.0508,0.134,-247.95628037,-0.0287761116696198,0.5374468253563806,exit_signal,HOSTILE,1.0
133,2026-06-19 04:00:00+00:00,2026-07-08 04:00:00+00:00,True,62745.1,62741.0,8533.3336,0.136,16.26670763,0.0019072083449926608,24.242162426337305,exit_signal,HOSTILE,1.0
134,2026-07-09 04:00:00+00:00,2026-07-12 04:00:00+00:00,True,61943.2,64201.9,8548.1616,0.138,-315.38851756,-0.036913936056771866,5.016094339748398,exit_signal,HOSTILE,1.0
