date,source
2018-01-31,fomchistorical2018.htm
2018-03-21,fomchistorical2018.htm
2018-05-02,fomchistorical2018.htm
2018-06-13,fomchistorical2018.htm
2018-08-01,fomchistorical2018.htm
2018-09-26,fomchistorical2018.htm
2018-11-08,fomchistorical2018.htm
2018-12-19,fomchistorical2018.htm
2019-01-30,fomchistorical2019.htm
2019-03-20,fomchistorical2019.htm
2019-05-01,fomchistorical2019.htm
2019-06-19,fomchistorical2019.htm
2019-07-31,fomchistorical2019.htm
2019-09-18,fomchistorical2019.htm
2019-10-30,fomchistorical2019.htm
2019-12-11,fomchistorical2019.htm
2020-01-29,fomchistorical2020.htm
2020-04-29,fomchistorical2020.htm
2020-06-10,fomchistorical2020.htm
2020-07-29,fomchistorical2020.htm
2020-09-16,fomchistorical2020.htm
2020-11-05,fomchistorical2020.htm
2020-12-16,fomchistorical2020.htm
2021-01-27,fomccalendars.htm
2021-03-17,fomccalendars.htm
2021-04-28,fomccalendars.htm
2021-06-16,fomccalendars.htm
2021-07-28,fomccalendars.htm
2021-09-22,fomccalendars.htm
2021-11-03,fomccalendars.htm
2021-12-15,fomccalendars.htm
2022-01-26,fomccalendars.htm
2022-03-16,fomccalendars.htm
2022-05-04,fomccalendars.htm
2022-06-15,fomccalendars.htm
2022-07-27,fomccalendars.htm
2022-09-21,fomccalendars.htm
2022-11-02,fomccalendars.htm
2022-12-14,fomccalendars.htm
2023-02-01,fomccalendars.htm
2023-03-22,fomccalendars.htm
2023-05-03,fomccalendars.htm
2023-06-14,fomccalendars.htm
2023-07-26,fomccalendars.htm
2023-09-20,fomccalendars.htm
2023-11-01,fomccalendars.htm
2023-12-13,fomccalendars.htm
2024-01-31,fomccalendars.htm
2024-03-20,fomccalendars.htm
2024-05-01,fomccalendars.htm
2024-06-12,fomccalendars.htm
2024-07-31,fomccalendars.htm
2024-09-18,fomccalendars.htm
2024-11-07,fomccalendars.htm
2024-12-18,fomccalendars.htm
2025-01-29,fomccalendars.htm
2025-03-19,fomccalendars.htm
2025-05-07,fomccalendars.htm
2025-06-18,fomccalendars.htm
2025-07-30,fomccalendars.htm
2025-09-17,fomccalendars.htm
2025-10-29,fomccalendars.htm
2025-12-10,fomccalendars.htm
2026-01-28,fomccalendars.htm
2026-03-18,fomccalendars.htm
2026-04-29,fomccalendars.htm
2026-06-17,fomccalendars.htm
