pair,stake_amount,max_stake_amount,amount,open_date,close_date,open_rate,close_rate,fee_open,fee_close,trade_duration,profit_ratio,profit_abs,exit_reason,initial_stop_loss_abs,initial_stop_loss_ratio,stop_loss_abs,stop_loss_ratio,min_rate,max_rate,is_open,enter_tag,leverage,is_short,open_timestamp,close_timestamp,orders,funding_fees,weekday
BNB/USDT:USDT,2353.66965,2353.66965,59.13,2021-01-05 04:00:00+00:00,2021-01-05 04:15:00+00:00,39.805,39.25,0.0005,0.0005,15,-0.014928536236455556,-35.15441108,trailing_stop_loss,0.399,-0.99,39.25,-0.02219729700133699,39.25,40.202,False,,1.0,False,1609819200000,1609820100000,"[{'amount': 59.13, 'safe_price': 39.805, 'ft_order_side': 'buy', 'order_filled_timestamp': 1609819200000, 'ft_is_entry': True, 'ft_order_tag': '', 'cost': 2354.846484825}, {'amount': 59.13, 'safe_price': 39.25, 'ft_order_side': 'sell', 'order_filled_timestamp': 1609820100000, 'ft_is_entry': False, 'ft_order_tag': 'trailing_stop_loss', 'cost': 2322.01292625}]",0.0,1
SOL/USDT:USDT,1352.763351,2954.37114,437.83,2021-01-09 08:00:00+00:00,2021-01-09 15:10:00+00:00,3.0897,3.1094,0.0005,0.0005,430,0.0373062243674954,110.27154083,trailing_stop_loss,0.0309,-0.99,3.1094,-0.01949620614987646,3.08,3.35,False,,1.0,False,1610179200000,1610205000000,"[{'amount': 956.2, 'safe_price': 3.0897, 'ft_order_side': 'buy', 'order_filled_timestamp': 1610179200000, 'ft_is_entry': True, 'ft_order_tag': '', 'cost': 2955.84832557}, {'amount': 518.37, 'safe_price': 3.2995, 'ft_order_side': 'sell', 'order_filled_timestamp': 1610186400000, 'ft_is_entry': False, 'ft_order_tag': 'partial_exit', 'cost': 1711.2169959075}, {'amount': 437.83, 'safe_price': 3.1094, 'ft_order_side': 'sell', 'order_filled_timestamp': 1610205000000, 'ft_is_entry': False, 'ft_order_tag': 'trailing_stop_loss', 'cost': 1362.069296301}]",-4.0946753913618,5
BNB/USDT:USDT,4926.974,9971.384,9.23,2021-04-19 08:00:00+00:00,2021-04-19 08:00:00+00:00,533.8,532.0,0.0005,0.0005,0,-0.003558991767162752,-35.5058176,trailing_stop_loss,5.339,-0.99,534.334,-0.004896426755661154,532.0,536.963,False,,1.0,False,1618819200000,1618819200000,"[{'amount': 18.68, 'safe_price': 533.8, 'ft_order_side': 'buy', 'order_filled_timestamp': 1618819200000, 'ft_is_entry': True, 'ft_order_tag': '', 'cost': 9976.369691999998}, {'amount': 9.45, 'safe_price': 533.8, 'ft_order_side': 'sell', 'order_filled_timestamp': 1618819200000, 'ft_is_entry': False, 'ft_order_tag': 'partial_exit', 'cost': 5046.932204999998}, {'amount': 9.23, 'safe_price': 532.0, 'ft_order_side': 'sell', 'order_filled_timestamp': 1618819200000, 'ft_is_entry': False, 'ft_order_tag': 'trailing_stop_loss', 'cost': 4912.8151800000005}]",-8.928740594568692,0
SOL/USDT:USDT,1553.71383,3479.480006,48.15,2021-04-23 08:00:00+00:00,2021-04-23 08:00:00+00:00,32.2682,32.2682,0.0005,0.0005,0,-0.0014498565124465574,-5.04726912,TP2,0.3227,-0.99,0.3227,-0.99,32.1952,33.2372,False,,1.0,False,1619164800000,1619164800000,"[{'amount': 107.83, 'safe_price': 32.2682, 'ft_order_side': 'buy', 'order_filled_timestamp': 1619164800000, 'ft_is_entry': True, 'ft_order_tag': '', 'cost': 3481.2197460029997}, {'amount': 59.68, 'safe_price': 32.2682, 'ft_order_side': 'sell', 'order_filled_timestamp': 1619164800000, 'ft_is_entry': False, 'ft_order_tag': 'partial_exit', 'cost': 1926.729059088}, {'amount': 48.15, 'safe_price': 32.2682, 'ft_order_side': 'sell', 'order_filled_timestamp': 1619164800000, 'ft_is_entry': False, 'ft_order_tag': 'TP2', 'cost': 1554.4906869149997}]",-1.5677891167080997,4
SOL/USDT:USDT,5557.286171,5557.286171,126.53,2021-04-27 16:00:00+00:00,2021-04-27 21:20:00+00:00,43.9207,44.333,0.0005,0.0005,320,0.00782645707650034,43.51560861,trailing_stop_loss,0.4393,-0.99,44.333,-4.127707842194184e-05,42.6,44.3348,False,,1.0,False,1619539200000,1619558400000,"[{'amount': 126.53, 'safe_price': 43.9207, 'ft_order_side': 'buy', 'order_filled_timestamp': 1619539200000, 'ft_is_entry': True, 'ft_order_tag': '', 'cost': 5560.064814085499}, {'amount': 126.53, 'safe_price': 44.333, 'ft_order_side': 'sell', 'order_filled_timestamp': 1619558400000, 'ft_is_entry': False, 'ft_order_tag': 'trailing_stop_loss', 'cost': 5612.2592172449995}]",-3.0693400566111224,1
ETH/USDT:USDT,1115.0588,1115.0588,0.538,2021-06-20 12:00:00+00:00,2021-06-20 20:00:00+00:00,2072.6,2222.19,0.0005,0.0005,480,-0.07349662784673365,-81.91208512,G6,4124.47,-0.99,4124.47,-0.99,2038.94,2245.12,False,,1.0,True,1624190400000,1624219200000,"[{'amount': 0.538, 'safe_price': 2072.6, 'ft_order_side': 'sell', 'order_filled_timestamp': 1624190400000, 'ft_is_entry': True, 'ft_order_tag': '', 'cost': 1115.6163294}, {'amount': 0.538, 'safe_price': 2222.19, 'ft_order_side': 'buy', 'order_filled_timestamp': 1624219200000, 'ft_is_entry': False, 'ft_order_tag': 'G6', 'cost': 1196.13598911}]",-0.2773666063823207,6
SOL/USDT:USDT,900.5465,900.5465,34.3,2021-07-17 00:00:00+00:00,2021-07-17 19:00:00+00:00,26.255,26.713,0.0005,0.0005,1140,-0.018159716766082974,-16.34549254,G6,52.247,-0.99,52.247,-0.99,25.937,27.172,False,,1.0,True,1626480000000,1626548400000,"[{'amount': 34.3, 'safe_price': 26.255, 'ft_order_side': 'sell', 'order_filled_timestamp': 1626480000000, 'ft_is_entry': True, 'ft_order_tag': '', 'cost': 900.9967732499998}, {'amount': 34.3, 'safe_price': 26.713, 'ft_order_side': 'buy', 'order_filled_timestamp': 1626548400000, 'ft_is_entry': False, 'ft_order_tag': 'G6', 'cost': 916.71402795}]",0.2723086627324,5
BTC/USDT:USDT,1603.6988,1603.6988,0.038,2021-07-31 00:00:00+00:00,2021-07-31 14:05:00+00:00,42202.6,41152.74,0.0005,0.0005,845,-0.026049634374177278,-41.79665527,trailing_stop_loss,422.03,-0.99,41152.74,-0.012176109709257199,41101.0,42494.0,False,,1.0,False,1627689600000,1627740300000,"[{'amount': 0.038, 'safe_price': 42202.6, 'ft_order_side': 'buy', 'order_filled_timestamp': 1627689600000, 'ft_is_entry': True, 'ft_order_tag': '', 'cost': 1604.5006493999997}, {'amount': 0.038, 'safe_price': 41152.74, 'ft_order_side': 'sell', 'order_filled_timestamp': 1627740300000, 'ft_is_entry': False, 'ft_order_tag': 'trailing_stop_loss', 'cost': 1564.5860220599998}]",-0.31822381350384,5
BTC/USDT:USDT,9821.56504,9821.56504,0.238,2021-08-01 20:00:00+00:00,2021-08-02 08:35:00+00:00,41267.08,39521.45,0.0005,0.0005,755,-0.04345165929492938,-426.97667951,trailing_stop_loss,412.68,-0.99,39521.45,-0.016059617136351845,39229.12,41512.87,False,,1.0,False,1627848000000,1627893300000,"[{'amount': 0.238, 'safe_price': 41267.08, 'ft_order_side': 'buy', 'order_filled_timestamp': 1627848000000, 'ft_is_entry': True, 'ft_order_tag': '', 'cost': 9826.475822519998}, {'amount': 0.238, 'safe_price': 39521.45, 'ft_order_side': 'sell', 'order_filled_timestamp': 1627893300000, 'ft_is_entry': False, 'ft_order_tag': 'trailing_stop_loss', 'cost': 9410.808152549998}]",-1.9029044360852119,0
SOL/USDT:USDT,735.18718,1647.1585,11.27,2021-08-17 20:00:00+00:00,2021-08-18 12:00:00+00:00,65.234,74.948,0.0005,0.0005,960,0.11493331726410519,189.40804716,TP2,0.653,-0.99,67.492,-0.12005844525810305,58.672,78.275,False,,1.0,False,1629230400000,1629288000000,"[{'amount': 25.25, 'safe_price': 65.234, 'ft_order_side': 'buy', 'order_filled_timestamp': 1629230400000, 'ft_is_entry': True, 'ft_order_tag': '', 'cost': 1647.9820792499997}, {'amount': 13.98, 'safe_price': 71.1, 'ft_order_side': 'sell', 'order_filled_timestamp': 1629280800000, 'ft_is_entry': False, 'ft_order_tag': 'partial_exit', 'cost': 994.4749889999999}, {'amount': 11.27, 'safe_price': 74.948, 'ft_order_side': 'sell', 'order_filled_timestamp': 1629288000000, 'ft_is_entry': False, 'ft_order_tag': 'TP2', 'cost': 845.0862919799998}]",-0.33251261422625,2
ETH/USDT:USDT,7127.95986,7127.95986,1.818,2021-09-04 08:00:00+00:00,2021-09-04 11:00:00+00:00,3920.77,3904.31,0.0005,0.0005,180,-0.005907007198676558,-42.12596266,trailing_stop_loss,39.21,-0.99,3904.31,-0.008778099737938971,3902.32,3960.0,False,,1.0,False,1630742400000,1630753200000,"[{'amount': 1.818, 'safe_price': 3920.77, 'ft_order_side': 'buy', 'order_filled_timestamp': 1630742400000, 'ft_is_entry': True, 'ft_order_tag': '', 'cost': 7131.52383993}, {'amount': 1.818, 'safe_price': 3904.31, 'ft_order_side': 'sell', 'order_filled_timestamp': 1630753200000, 'ft_is_entry': False, 'ft_order_tag': 'trailing_stop_loss', 'cost': 7101.584597789999}]",-5.088684941602851,5
BTC/USDT:USDT,2853.58724,2853.58724,0.058,2021-10-05 00:00:00+00:00,2021-10-06 08:05:00+00:00,49199.78,51117.9,0.0005,0.0005,1925,0.03766166038548847,107.52456893,trailing_stop_loss,492.0,-0.99,51117.9,-0.007245297984133425,49009.21,51888.0,False,,1.0,False,1633392000000,1633507500000,"[{'amount': 0.058, 'safe_price': 49199.78, 'ft_order_side': 'buy', 'order_filled_timestamp': 1633392000000, 'ft_is_entry': True, 'ft_order_tag': '', 'cost': 2855.01403362}, {'amount': 0.058, 'safe_price': 51117.9, 'ft_order_side': 'sell', 'order_filled_timestamp': 1633507500000, 'ft_is_entry': False, 'ft_order_tag': 'trailing_stop_loss', 'cost': 2966.3206191}]",-0.8171783459107944,2
ETH/USDT:USDT,7384.2132,7384.2132,1.82,2021-10-22 00:00:00+00:00,2021-10-22 01:05:00+00:00,4057.26,4138.48,0.0005,0.0005,65,0.018646283727666964,137.7569785,trailing_stop_loss,40.58,-0.99,4138.48,-0.00036949414924980495,4055.97,4140.0,False,,1.0,False,1634860800000,1634864700000,"[{'amount': 1.82, 'safe_price': 4057.26, 'ft_order_side': 'buy', 'order_filled_timestamp': 1634860800000, 'ft_is_entry': True, 'ft_order_tag': '', 'cost': 7387.905306600001}, {'amount': 1.82, 'safe_price': 4138.48, 'ft_order_side': 'sell', 'order_filled_timestamp': 1634864700000, 'ft_is_entry': False, 'ft_order_tag': 'trailing_stop_loss', 'cost': 7535.799616799999}]",-2.605298101224,4
ETH/USDT:USDT,4790.87088,9802.93128,1.018,2021-11-10 20:00:00+00:00,2021-11-10 20:05:00+00:00,4706.16,4710.87,0.0005,0.0005,5,-0.000510872156973456,-5.01054867,trailing_stop_loss,47.07,-0.99,4710.87,-0.00034670344827592015,4650.0,4712.5,False,,1.0,False,1636574400000,1636574700000,"[{'amount': 2.083, 'safe_price': 4706.16, 'ft_order_side': 'buy', 'order_filled_timestamp': 1636574400000, 'ft_is_entry': True, 'ft_order_tag': '', 'cost': 9807.83274564}, {'amount': 1.065, 'safe_price': 4706.16, 'ft_order_side': 'sell', 'order_filled_timestamp': 1636574400000, 'ft_is_entry': False, 'ft_order_tag': 'partial_exit', 'cost': 5014.5664302}, {'amount': 1.018, 'safe_price': 4710.87, 'ft_order_side': 'sell', 'order_filled_timestamp': 1636574700000, 'ft_is_entry': False, 'ft_order_tag': 'trailing_stop_loss', 'cost': 4798.06349283}]",0.0,2
BTC/USDT:USDT,9788.8274,9788.8274,0.242,2022-04-22 00:00:00+00:00,2022-04-22 01:50:00+00:00,40449.7,40432.74,0.0005,0.0005,110,-0.0005505166570071645,-5.38621808,trailing_stop_loss,80494.9,-0.99,40432.74,-0.0002906830607852795,40200.7,40647.2,False,,1.0,True,1650585600000,1650592200000,"[{'amount': 0.242, 'safe_price': 40449.7, 'ft_order_side': 'sell', 'order_filled_timestamp': 1650585600000, 'ft_is_entry': True, 'ft_order_tag': '', 'cost': 9793.721813699998}, {'amount': 0.242, 'safe_price': 40432.74, 'ft_order_side': 'buy', 'order_filled_timestamp': 1650592200000, 'ft_is_entry': False, 'ft_order_tag': 'trailing_stop_loss', 'cost': 9789.61544154}]",0.29623715799726,4
SOL/USDT:USDT,9793.836,9793.836,110.79,2022-05-04 12:00:00+00:00,2022-05-04 12:10:00+00:00,88.4,88.56,0.0005,0.0005,10,-0.002812265861437506,-27.5290992,trailing_stop_loss,175.91,-0.99,88.56,-0.010818127829273827,87.62,88.7,False,,1.0,True,1651665600000,1651666200000,"[{'amount': 110.79, 'safe_price': 88.4, 'ft_order_side': 'sell', 'order_filled_timestamp': 1651665600000, 'ft_is_entry': True, 'ft_order_tag': '', 'cost': 9798.732918000002}, {'amount': 110.79, 'safe_price': 88.56, 'ft_order_side': 'buy', 'order_filled_timestamp': 1651666200000, 'ft_is_entry': False, 'ft_order_tag': 'trailing_stop_loss', 'cost': 9816.4681812}]",0.0,2
BTC/USDT:USDT,9756.3404,9756.3404,0.334,2022-05-29 16:00:00+00:00,2022-05-29 17:30:00+00:00,29210.6,29344.2,0.0005,0.0005,90,-0.005478708694244283,-53.4254209,trailing_stop_loss,58129.0,-0.99,29344.2,-0.004579791535035405,29210.5,29351.7,False,,1.0,True,1653840000000,1653845400000,"[{'amount': 0.334, 'safe_price': 29210.6, 'ft_order_side': 'sell', 'order_filled_timestamp': 1653840000000, 'ft_is_entry': True, 'ft_order_tag': '', 'cost': 9761.2185702}, {'amount': 0.334, 'safe_price': 29344.2, 'ft_order_side': 'buy', 'order_filled_timestamp': 1653845400000, 'ft_is_entry': False, 'ft_order_tag': 'trailing_stop_loss', 'cost': 9805.863281400001}]",0.9756307000000001,6
ETH/USDT:USDT,7634.68,7634.68,4.192,2022-06-02 20:00:00+00:00,2022-06-02 22:10:00+00:00,1821.25,1844.96,0.0005,0.0005,130,-0.014032056522427309,-107.07669616,trailing_stop_loss,3624.28,-0.99,1844.96,-0.00265806201543628,1818.0,1852.99,False,,1.0,True,1654200000000,1654207800000,"[{'amount': 4.192, 'safe_price': 1821.25, 'ft_order_side': 'sell', 'order_filled_timestamp': 1654200000000, 'ft_is_entry': True, 'ft_order_tag': '', 'cost': 7638.49734}, {'amount': 4.192, 'safe_price': 1844.96, 'ft_order_side': 'buy', 'order_filled_timestamp': 1654207800000, 'ft_is_entry': False, 'ft_order_tag': 'trailing_stop_loss', 'cost': 7737.93935616}]",0.0,3
BTC/USDT:USDT,1419.8832,1419.8832,0.072,2022-07-01 04:00:00+00:00,2022-07-01 04:30:00+00:00,19720.6,19690.8,0.0005,0.0005,30,0.0005121218256461476,0.7267896,trailing_stop_loss,39243.9,-0.99,19690.8,-0.009043546937926084,19514.4,19748.5,False,,1.0,True,1656648000000,1656649800000,"[{'amount': 0.072, 'safe_price': 19720.6, 'ft_order_side': 'sell', 'order_filled_timestamp': 1656648000000, 'ft_is_entry': True, 'ft_order_tag': '', 'cost': 1420.5931415999996}, {'amount': 0.072, 'safe_price': 19690.8, 'ft_order_side': 'buy', 'order_filled_timestamp': 1656649800000, 'ft_is_entry': False, 'ft_order_tag': 'trailing_stop_loss', 'cost': 1418.4464687999998}]",0.0,4
SOL/USDT:USDT,1283.3808,1283.3808,37.68,2022-09-13 20:00:00+00:00,2022-09-14 21:55:00+00:00,34.06,33.77,0.0005,0.0005,1555,0.0070711265230140605,9.07041054,trailing_stop_loss,67.77,-0.99,33.77,-0.0008671030754806575,32.63,34.32,False,,1.0,True,1663099200000,1663192500000,"[{'amount': 37.68, 'safe_price': 34.06, 'ft_order_side': 'sell', 'order_filled_timestamp': 1663099200000, 'ft_is_entry': True, 'ft_order_tag': '', 'cost': 1284.0224904000002}, {'amount': 37.68, 'safe_price': 33.77, 'ft_order_side': 'buy', 'order_filled_timestamp': 1663192500000, 'ft_is_entry': False, 'ft_order_tag': 'trailing_stop_loss', 'cost': 1273.0898268}]",-0.578872257180544,2
ETH/USDT:USDT,3530.6712,3530.6712,2.565,2022-09-20 16:00:00+00:00,2022-09-20 16:00:00+00:00,1376.48,1383.5,0.0005,0.0005,0,-0.006102795369879235,-21.53619037,trailing_stop_loss,2739.19,-0.99,1380.97,-0.00519767192070264,1373.83,1383.5,False,,1.0,True,1663689600000,1663689600000,"[{'amount': 2.565, 'safe_price': 1376.48, 'ft_order_side': 'sell', 'order_filled_timestamp': 1663689600000, 'ft_is_entry': True, 'ft_order_tag': '', 'cost': 3532.4365355999994}, {'amount': 2.565, 'safe_price': 1383.5, 'ft_order_side': 'buy', 'order_filled_timestamp': 1663689600000, 'ft_is_entry': False, 'ft_order_tag': 'trailing_stop_loss', 'cost': 3550.4518387499998}]",0.00978397754179685,1
SOL/USDT:USDT,1224.5712,1224.5712,41.88,2022-10-20 08:00:00+00:00,2022-10-20 11:00:00+00:00,29.24,29.42,0.0005,0.0005,180,-0.0070625834971246165,-8.64431203,G6,58.18,-0.99,29.39,-3.773941475537779e-05,29.15,29.45,False,,1.0,True,1666252800000,1666263600000,"[{'amount': 41.88, 'safe_price': 29.24, 'ft_order_side': 'sell', 'order_filled_timestamp': 1666252800000, 'ft_is_entry': True, 'ft_order_tag': '', 'cost': 1225.1834856}, {'amount': 41.88, 'safe_price': 29.42, 'ft_order_side': 'buy', 'order_filled_timestamp': 1666263600000, 'ft_is_entry': False, 'ft_order_tag': 'G6', 'cost': 1232.7256548000003}]",0.12242837088768001,3
ETH/USDT:USDT,3465.5616,3465.5616,2.245,2022-10-27 16:00:00+00:00,2022-10-27 20:10:00+00:00,1543.68,1535.95,0.0005,0.0005,250,-0.005968326590494268,-20.69394525,trailing_stop_loss,15.44,-0.99,1535.95,-0.017238206527741107,1520.0,1565.32,False,,1.0,False,1666886400000,1666901400000,"[{'amount': 2.245, 'safe_price': 1543.68, 'ft_order_side': 'buy', 'order_filled_timestamp': 1666886400000, 'ft_is_entry': True, 'ft_order_tag': '', 'cost': 3467.2943808000005}, {'amount': 2.245, 'safe_price': 1535.95, 'ft_order_side': 'sell', 'order_filled_timestamp': 1666901400000, 'ft_is_entry': False, 'ft_order_tag': 'trailing_stop_loss', 'cost': 3449.9318538750003}]",0.11678942592000001,3
ETH/USDT:USDT,2256.87,4703.31708,1.75,2023-01-09 00:00:00+00:00,2023-01-09 20:30:00+00:00,1289.64,1321.32,0.0005,0.0005,1230,0.02900089123620319,136.46858728,trailing_stop_loss,12.9,-0.99,1321.32,-0.016753515750297265,1284.81,1345.0,False,,1.0,False,1673222400000,1673296200000,"[{'amount': 3.647, 'safe_price': 1289.64, 'ft_order_side': 'buy', 'order_filled_timestamp': 1673222400000, 'ft_is_entry': True, 'ft_order_tag': '', 'cost': 4705.668738539999}, {'amount': 1.897, 'safe_price': 1335.55, 'ft_order_side': 'sell', 'order_filled_timestamp': 1673280000000, 'ft_is_entry': False, 'ft_order_tag': 'partial_exit', 'cost': 2534.8051191749996}, {'amount': 1.75, 'safe_price': 1321.32, 'ft_order_side': 'sell', 'order_filled_timestamp': 1673296200000, 'ft_is_entry': False, 'ft_order_tag': 'trailing_stop_loss', 'cost': 2313.4661549999996}]",-1.288100003343581,0
SOL/USDT:USDT,6968.79675,6968.79675,326.79,2023-03-05 04:00:00+00:00,2023-03-05 04:00:00+00:00,21.325,21.371,0.0005,0.0005,0,-0.003159751036127677,-22.00865292,trailing_stop_loss,42.436,-0.99,21.364,-0.002174947106303171,21.318,21.377,False,,1.0,True,1677988800000,1677988800000,"[{'amount': 326.79, 'safe_price': 21.325, 'ft_order_side': 'sell', 'order_filled_timestamp': 1677988800000, 'ft_is_entry': True, 'ft_order_tag': '', 'cost': 6972.281148375}, {'amount': 326.79, 'safe_price': 21.371, 'ft_order_side': 'buy', 'order_filled_timestamp': 1677988800000, 'ft_is_entry': False, 'ft_order_tag': 'trailing_stop_loss', 'cost': 6987.321004545}]",0.0,6
BNB/USDT:USDT,9678.602,9678.602,33.34,2023-03-05 08:00:00+00:00,2023-03-05 10:25:00+00:00,290.3,290.89,0.0005,0.0005,145,-0.0030349139433650685,-29.3590373,trailing_stop_loss,577.69,-0.99,290.89,-0.0005099780654547192,289.7,291.07,False,,1.0,True,1678003200000,1678011900000,"[{'amount': 33.34, 'safe_price': 290.3, 'ft_order_side': 'sell', 'order_filled_timestamp': 1678003200000, 'ft_is_entry': True, 'ft_order_tag': '', 'cost': 9683.441301}, {'amount': 33.34, 'safe_price': 290.89, 'ft_order_side': 'buy', 'order_filled_timestamp': 1678011900000, 'ft_is_entry': False, 'ft_order_tag': 'trailing_stop_loss', 'cost': 9703.1217363}]",0.0,6
BTC/USDT:USDT,9643.256,9643.256,0.322,2023-04-12 16:00:00+00:00,2023-04-12 18:45:00+00:00,29948.0,29888.2,0.0005,0.0005,165,-0.0030117601661569056,-29.05769588,trailing_stop_loss,299.5,-0.99,29888.2,-0.0053009676658472005,29830.0,30087.7,False,,1.0,False,1681315200000,1681325100000,"[{'amount': 0.322, 'safe_price': 29948.0, 'ft_order_side': 'buy', 'order_filled_timestamp': 1681315200000, 'ft_is_entry': True, 'ft_order_tag': '', 'cost': 9648.077628}, {'amount': 0.322, 'safe_price': 29888.2, 'ft_order_side': 'sell', 'order_filled_timestamp': 1681325100000, 'ft_is_entry': False, 'ft_order_tag': 'trailing_stop_loss', 'cost': 9628.8124002}]",-0.16846768232,2
SOL/USDT:USDT,1851.76992,1851.76992,127.92,2023-06-15 00:00:00+00:00,2023-06-15 21:05:00+00:00,14.476,14.852,0.0005,0.0005,1265,-0.027051833105385305,-50.06872394,trailing_stop_loss,28.807,-0.99,14.852,-0.0006291996251356347,14.161,15.089,False,,1.0,True,1686787200000,1686863100000,"[{'amount': 127.92, 'safe_price': 14.476, 'ft_order_side': 'sell', 'order_filled_timestamp': 1686787200000, 'ft_is_entry': True, 'ft_order_tag': '', 'cost': 1852.69580496}, {'amount': 127.92, 'safe_price': 14.852, 'ft_order_side': 'buy', 'order_filled_timestamp': 1686863100000, 'ft_is_entry': False, 'ft_order_tag': 'trailing_stop_loss', 'cost': 1900.81777392}]",-0.09498506242066047,3
ETH/USDT:USDT,2499.6438,2499.6438,1.539,2023-08-22 20:00:00+00:00,2023-08-23 06:50:00+00:00,1624.2,1651.19,0.0005,0.0005,650,-0.01765526627771694,-44.10981095,trailing_stop_loss,3232.15,-0.99,1651.19,-0.0024092704588970504,1575.0,1658.37,False,,1.0,True,1692734400000,1692773400000,"[{'amount': 1.539, 'safe_price': 1624.2, 'ft_order_side': 'sell', 'order_filled_timestamp': 1692734400000, 'ft_is_entry': True, 'ft_order_tag': '', 'cost': 2500.8936218999997}, {'amount': 1.539, 'safe_price': 1651.19, 'ft_order_side': 'buy', 'order_filled_timestamp': 1692773400000, 'ft_is_entry': False, 'ft_order_tag': 'trailing_stop_loss', 'cost': 2542.452000705}]",-0.0517883485032,2
BTC/USDT:USDT,4782.5769,9512.8852,0.183,2023-08-23 16:00:00+00:00,2023-08-23 16:00:00+00:00,26134.3,26148.0,0.0005,0.0005,0,-0.0011993392476016787,-11.40347199,trailing_stop_loss,52007.2,-0.99,26135.6,-0.0005257772214121159,26121.9,26149.6,False,,1.0,True,1692806400000,1692806400000,"[{'amount': 0.364, 'safe_price': 26134.3, 'ft_order_side': 'sell', 'order_filled_timestamp': 1692806400000, 'ft_is_entry': True, 'ft_order_tag': '', 'cost': 9517.641642599998}, {'amount': 0.181, 'safe_price': 26134.3, 'ft_order_side': 'buy', 'order_filled_timestamp': 1692806400000, 'ft_is_entry': False, 'ft_order_tag': 'partial_exit', 'cost': 4732.673454149999}, {'amount': 0.183, 'safe_price': 26148.0, 'ft_order_side': 'buy', 'order_filled_timestamp': 1692806400000, 'ft_is_entry': False, 'ft_order_tag': 'trailing_stop_loss', 'cost': 4787.476541999999}]",0.617766764888,2
SOL/USDT:USDT,5755.76746,5755.76746,314.54,2023-09-12 12:00:00+00:00,2023-09-12 13:00:00+00:00,18.299,18.114,0.0005,0.0005,60,0.009119456717265129,52.46322749,trailing_stop_loss,36.415,-0.99,18.114,-0.005714445601955553,18.012,18.394,False,,1.0,True,1694520000000,1694523600000,"[{'amount': 314.54, 'safe_price': 18.299, 'ft_order_side': 'sell', 'order_filled_timestamp': 1694520000000, 'ft_is_entry': True, 'ft_order_tag': '', 'cost': 5758.64534373}, {'amount': 314.54, 'safe_price': 18.114, 'ft_order_side': 'buy', 'order_filled_timestamp': 1694523600000, 'ft_is_entry': False, 'ft_order_tag': 'trailing_stop_loss', 'cost': 5700.42634878}]",0.0,1
SOL/USDT:USDT,6547.5634,6547.5634,357.01,2023-09-13 16:00:00+00:00,2023-09-13 16:15:00+00:00,18.34,18.483,0.0005,0.0005,15,-0.008855304300400754,-57.951676,trailing_stop_loss,36.496,-0.99,18.483,-0.010438156529646636,18.293,18.49,False,,1.0,True,1694620800000,1694621700000,"[{'amount': 357.01, 'safe_price': 18.34, 'ft_order_side': 'sell', 'order_filled_timestamp': 1694620800000, 'ft_is_entry': True, 'ft_order_tag': '', 'cost': 6550.8371817}, {'amount': 357.01, 'safe_price': 18.483, 'ft_order_side': 'buy', 'order_filled_timestamp': 1694621700000, 'ft_is_entry': False, 'ft_order_tag': 'trailing_stop_loss', 'cost': 6601.915137914999}]",-0.32615638245050005,2
BNB/USDT:USDT,8803.4674,8803.4674,42.14,2023-09-25 04:00:00+00:00,2023-09-25 16:10:00+00:00,208.91,209.97,0.0005,0.0005,730,-0.0060795320354160125,-53.4942016,trailing_stop_loss,415.73,-0.99,209.97,-4.765157254860153e-05,207.76,210.31,False,,1.0,True,1695614400000,1695658200000,"[{'amount': 42.14, 'safe_price': 208.91, 'ft_order_side': 'sell', 'order_filled_timestamp': 1695614400000, 'ft_is_entry': True, 'ft_order_tag': '', 'cost': 8807.869133699998}, {'amount': 42.14, 'safe_price': 209.97, 'ft_order_side': 'buy', 'order_filled_timestamp': 1695658200000, 'ft_is_entry': False, 'ft_order_tag': 'trailing_stop_loss', 'cost': 8852.5598679}]",0.0,0
BNB/USDT:USDT,4741.2799,9459.4521,22.57,2023-09-25 20:00:00+00:00,2023-09-25 20:00:00+00:00,210.07,210.07,0.0005,0.0005,0,-0.0010005002501250625,-9.4594521,TP2,418.03,-0.99,210.26,-0.0009524421593830601,210.06,210.69,False,,1.0,True,1695672000000,1695672000000,"[{'amount': 45.03, 'safe_price': 210.07, 'ft_order_side': 'sell', 'order_filled_timestamp': 1695672000000, 'ft_is_entry': True, 'ft_order_tag': '', 'cost': 9464.18182605}, {'amount': 22.46, 'safe_price': 210.07, 'ft_order_side': 'buy', 'order_filled_timestamp': 1695672000000, 'ft_is_entry': False, 'ft_order_tag': 'partial_exit', 'cost': 4720.531286099999}, {'amount': 22.57, 'safe_price': 210.07, 'ft_order_side': 'buy', 'order_filled_timestamp': 1695672000000, 'ft_is_entry': False, 'ft_order_tag': 'TP2', 'cost': 4743.650539949999}]",0.0,0
ETH/USDT:USDT,9449.5095,9449.5095,4.545,2023-11-11 00:00:00+00:00,2023-11-11 00:05:00+00:00,2079.1,2082.28,0.0005,0.0005,5,0.00039251529632191554,3.71093156,trailing_stop_loss,20.8,-0.99,2082.28,-8.992856649370218e-05,2077.71,2082.46,False,,1.0,False,1699660800000,1699661100000,"[{'amount': 4.545, 'safe_price': 2079.1, 'ft_order_side': 'buy', 'order_filled_timestamp': 1699660800000, 'ft_is_entry': True, 'ft_order_tag': '', 'cost': 9454.23425475}, {'amount': 4.545, 'safe_price': 2082.28, 'ft_order_side': 'sell', 'order_filled_timestamp': 1699661100000, 'ft_is_entry': False, 'ft_order_tag': 'trailing_stop_loss', 'cost': 9468.6945813}]",-1.2854323912912615,5
ETH/USDT:USDT,9453.96676,9453.96676,4.036,2023-12-10 00:00:00+00:00,2023-12-10 00:00:00+00:00,2342.41,2342.1,0.0005,0.0005,0,-0.0012981928406968495,-12.2792085,trailing_stop_loss,23.43,-0.99,2344.76,-0.0008639881028476015,2342.1,2346.78,False,,1.0,False,1702166400000,1702166400000,"[{'amount': 4.036, 'safe_price': 2342.41, 'ft_order_side': 'buy', 'order_filled_timestamp': 1702166400000, 'ft_is_entry': True, 'ft_order_tag': '', 'cost': 9458.69374338}, {'amount': 4.036, 'safe_price': 2342.1, 'ft_order_side': 'sell', 'order_filled_timestamp': 1702166400000, 'ft_is_entry': False, 'ft_order_tag': 'trailing_stop_loss', 'cost': 9457.4419578}]",-1.5747073195047998,6
ETH/USDT:USDT,9440.35636,9440.35636,4.012,2023-12-10 04:00:00+00:00,2023-12-10 08:30:00+00:00,2353.03,2342.19,0.0005,0.0005,270,-0.005761248742668789,-54.41543533,trailing_stop_loss,23.54,-0.99,2342.19,-0.006689454787790372,2340.31,2360.69,False,,1.0,False,1702180800000,1702197000000,"[{'amount': 4.012, 'safe_price': 2353.03, 'ft_order_side': 'buy', 'order_filled_timestamp': 1702180800000, 'ft_is_entry': True, 'ft_order_tag': '', 'cost': 9445.07653818}, {'amount': 4.012, 'safe_price': 2342.19, 'ft_order_side': 'sell', 'order_filled_timestamp': 1702197000000, 'ft_is_entry': False, 'ft_order_tag': 'trailing_stop_loss', 'cost': 9401.564713139998}]",-1.5067440143071997,6
BNB/USDT:USDT,3329.17,3329.17,13.0,2023-12-20 08:00:00+00:00,2023-12-20 20:05:00+00:00,256.09,255.67,0.0005,0.0005,725,-0.0022599768820402107,-7.52760916,trailing_stop_loss,2.57,-0.99,255.67,-0.015509980655813882,255.0,261.45,False,,1.0,False,1703059200000,1703102700000,"[{'amount': 13.0, 'safe_price': 256.09, 'ft_order_side': 'buy', 'order_filled_timestamp': 1703059200000, 'ft_is_entry': True, 'ft_order_tag': '', 'cost': 3330.8345849999996}, {'amount': 13.0, 'safe_price': 255.67, 'ft_order_side': 'sell', 'order_filled_timestamp': 1703102700000, 'ft_is_entry': False, 'ft_order_tag': 'trailing_stop_loss', 'cost': 3325.371855}]",1.2588308447,2
SOL/USDT:USDT,2460.6123,5132.84724,24.65,2024-01-09 04:00:00+00:00,2024-01-09 09:45:00+00:00,99.822,99.922,0.0005,0.0005,345,0.017849457627797983,91.66434859,trailing_stop_loss,0.999,-0.99,99.922,-0.03775137227711334,99.464,103.971,False,,1.0,False,1704772800000,1704793500000,"[{'amount': 51.42, 'safe_price': 99.822, 'ft_order_side': 'buy', 'order_filled_timestamp': 1704772800000, 'ft_is_entry': True, 'ft_order_tag': '', 'cost': 5135.41366362}, {'amount': 26.77, 'safe_price': 103.357, 'ft_order_side': 'sell', 'order_filled_timestamp': 1704776400000, 'ft_is_entry': False, 'ft_order_tag': 'partial_exit', 'cost': 2768.2503234449996}, {'amount': 24.65, 'safe_price': 99.922, 'ft_order_side': 'sell', 'order_filled_timestamp': 1704793500000, 'ft_is_entry': False, 'ft_order_tag': 'trailing_stop_loss', 'cost': 2464.30883865}]",-0.251205685,1
ETH/USDT:USDT,9470.10024,9470.10024,3.656,2024-01-12 04:00:00+00:00,2024-01-12 07:50:00+00:00,2590.29,2592.89,0.0005,0.0005,230,3.245118153353206e-06,0.03074696,trailing_stop_loss,25.91,-0.99,2592.89,-0.011407545371359018,2586.25,2627.9,False,,1.0,False,1705032000000,1705045800000,"[{'amount': 3.656, 'safe_price': 2590.29, 'ft_order_side': 'buy', 'order_filled_timestamp': 1705032000000, 'ft_is_entry': True, 'ft_order_tag': '', 'cost': 9474.83529012}, {'amount': 3.656, 'safe_price': 2592.89, 'ft_order_side': 'sell', 'order_filled_timestamp': 1705045800000, 'ft_is_entry': False, 'ft_order_tag': 'trailing_stop_loss', 'cost': 9484.34564292}]",0.0,4
ETH/USDT:USDT,9469.1996,9469.1996,3.662,2024-01-12 20:00:00+00:00,2024-01-12 20:00:00+00:00,2585.8,2585.54,0.0005,0.0005,0,-0.0010999489040381966,-10.42084354,trailing_stop_loss,25.86,-0.99,2588.39,-0.00010206091978448573,2575.82,2588.65,False,,1.0,False,1705089600000,1705089600000,"[{'amount': 3.662, 'safe_price': 2585.8, 'ft_order_side': 'buy', 'order_filled_timestamp': 1705089600000, 'ft_is_entry': True, 'ft_order_tag': '', 'cost': 9473.9341998}, {'amount': 3.662, 'safe_price': 2585.54, 'ft_order_side': 'sell', 'order_filled_timestamp': 1705089600000, 'ft_is_entry': False, 'ft_order_tag': 'trailing_stop_loss', 'cost': 9472.98160374}]",0.0,4
BNB/USDT:USDT,4119.7548,8430.9612,11.62,2024-02-16 20:00:00+00:00,2024-02-17 05:15:00+00:00,354.54,357.24,0.0005,0.0005,555,0.013510115663859923,113.9602126,trailing_stop_loss,3.55,-0.99,357.24,-0.0069856857780647985,354.06,363.3,False,,1.0,False,1708113600000,1708146900000,"[{'amount': 23.78, 'safe_price': 354.54, 'ft_order_side': 'buy', 'order_filled_timestamp': 1708113600000, 'ft_is_entry': True, 'ft_order_tag': '', 'cost': 8435.176680600001}, {'amount': 12.16, 'safe_price': 362.03, 'ft_order_side': 'sell', 'order_filled_timestamp': 1708131600000, 'ft_is_entry': False, 'ft_order_tag': 'partial_exit', 'cost': 4404.4859424}, {'amount': 11.62, 'safe_price': 357.24, 'ft_order_side': 'sell', 'order_filled_timestamp': 1708146900000, 'ft_is_entry': False, 'ft_order_tag': 'trailing_stop_loss', 'cost': 4153.2043644}]",0.0,5
BNB/USDT:USDT,4733.6274,9572.6808,13.47,2024-02-20 16:00:00+00:00,2024-02-20 16:00:00+00:00,351.42,350.98,0.0005,0.0005,0,-0.00175917747072493,-16.84846442,trailing_stop_loss,3.52,-0.99,351.78,-0.0012452230203572334,350.82,352.21,False,,1.0,False,1708444800000,1708444800000,"[{'amount': 27.24, 'safe_price': 351.42, 'ft_order_side': 'buy', 'order_filled_timestamp': 1708444800000, 'ft_is_entry': True, 'ft_order_tag': '', 'cost': 9577.4671404}, {'amount': 13.77, 'safe_price': 351.42, 'ft_order_side': 'sell', 'order_filled_timestamp': 1708444800000, 'ft_is_entry': False, 'ft_order_tag': 'partial_exit', 'cost': 4841.472926699999}, {'amount': 13.47, 'safe_price': 350.98, 'ft_order_side': 'sell', 'order_filled_timestamp': 1708444800000, 'ft_is_entry': False, 'ft_order_tag': 'trailing_stop_loss', 'cost': 4730.064450299999}]",-1.3519470112968672,1
SOL/USDT:USDT,4561.6124,9557.3252,25.64,2024-03-19 12:00:00+00:00,2024-03-19 20:15:00+00:00,177.91,178.088,0.0005,0.0005,495,0.014849617572695031,141.99358555,trailing_stop_loss,1.78,-0.99,178.088,-0.029276786638976815,174.75,186.433,False,,1.0,False,1710849600000,1710879300000,"[{'amount': 53.72, 'safe_price': 177.91, 'ft_order_side': 'buy', 'order_filled_timestamp': 1710849600000, 'ft_is_entry': True, 'ft_order_tag': '', 'cost': 9562.103862599999}, {'amount': 28.08, 'safe_price': 183.164, 'ft_order_side': 'sell', 'order_filled_timestamp': 1710853200000, 'ft_is_entry': False, 'ft_order_tag': 'partial_exit', 'cost': 5145.8167425599995}, {'amount': 25.64, 'safe_price': 178.088, 'ft_order_side': 'sell', 'order_filled_timestamp': 1710879300000, 'ft_is_entry': False, 'ft_order_tag': 'trailing_stop_loss', 'cost': 4568.459408159999}]",-0.46928112818348,1
SOL/USDT:USDT,7463.5941,7463.5941,39.18,2024-03-26 16:00:00+00:00,2024-03-26 21:30:00+00:00,190.495,191.824,0.0005,0.0005,330,0.005718488825681164,42.7018197,trailing_stop_loss,1.905,-0.99,191.824,-0.0019185715834383332,186.3,192.192,False,,1.0,False,1711468800000,1711488600000,"[{'amount': 39.18, 'safe_price': 190.495, 'ft_order_side': 'buy', 'order_filled_timestamp': 1711468800000, 'ft_is_entry': True, 'ft_order_tag': '', 'cost': 7467.32589705}, {'amount': 39.18, 'safe_price': 191.824, 'ft_order_side': 'sell', 'order_filled_timestamp': 1711488600000, 'ft_is_entry': False, 'ft_order_tag': 'trailing_stop_loss', 'cost': 7519.42215216}]",-1.8787710916673999,1
BTC/USDT:USDT,4912.8992,4912.8992,0.088,2024-07-08 08:00:00+00:00,2024-07-08 08:50:00+00:00,55828.4,57706.6,0.0005,0.0005,50,-0.034594277902163156,-169.87322113,trailing_stop_loss,111098.5,-0.99,57706.6,-0.0024331967175675873,55715.2,57876.0,False,,1.0,True,1720425600000,1720428600000,"[{'amount': 0.088, 'safe_price': 55828.4, 'ft_order_side': 'sell', 'order_filled_timestamp': 1720425600000, 'ft_is_entry': True, 'ft_order_tag': '', 'cost': 4915.355649599999}, {'amount': 0.088, 'safe_price': 57706.6, 'ft_order_side': 'buy', 'order_filled_timestamp': 1720428600000, 'ft_is_entry': False, 'ft_order_tag': 'trailing_stop_loss', 'cost': 5080.719890399999}]",0.4039188705439871,0
SOL/USDT:USDT,7639.1904,7639.1904,42.72,2024-07-23 00:00:00+00:00,2024-07-23 04:35:00+00:00,178.82,176.782,0.0005,0.0005,275,-0.012484998865620742,-95.42297112,trailing_stop_loss,1.789,-0.99,176.782,-0.012657547217189258,175.961,180.5,False,,1.0,False,1721692800000,1721709300000,"[{'amount': 42.72, 'safe_price': 178.82, 'ft_order_side': 'buy', 'order_filled_timestamp': 1721692800000, 'ft_is_entry': True, 'ft_order_tag': '', 'cost': 7643.009995199999}, {'amount': 42.72, 'safe_price': 176.782, 'ft_order_side': 'sell', 'order_filled_timestamp': 1721709300000, 'ft_is_entry': False, 'ft_order_tag': 'trailing_stop_loss', 'cost': 7555.90310352}]",-0.7639523955196801,1
ETH/USDT:USDT,9477.4752,9477.4752,4.128,2024-09-09 00:00:00+00:00,2024-09-09 00:05:00+00:00,2295.9,2299.65,0.0005,0.0005,5,-0.0026278059828651946,-24.89251355,trailing_stop_loss,4568.84,-0.99,2299.65,-0.003286592442633629,2292.12,2300.22,False,,1.0,True,1725840000000,1725840300000,"[{'amount': 4.128, 'safe_price': 2295.9, 'ft_order_side': 'sell', 'order_filled_timestamp': 1725840000000, 'ft_is_entry': True, 'ft_order_tag': '', 'cost': 9482.2139376}, {'amount': 4.128, 'safe_price': 2299.65, 'ft_order_side': 'buy', 'order_filled_timestamp': 1725840300000, 'ft_is_entry': False, 'ft_order_tag': 'trailing_stop_loss', 'cost': 9497.7016776}]",0.07270164624216,0
SOL/USDT:USDT,9451.8256,9451.8256,60.76,2024-09-30 12:00:00+00:00,2024-09-30 12:00:00+00:00,155.56,155.375,0.0005,0.0005,0,-0.0021875633281327965,-20.6868053,trailing_stop_loss,1.556,-0.99,155.408,-0.0011866308403316594,155.277,155.592,False,,1.0,False,1727697600000,1727697600000,"[{'amount': 60.76, 'safe_price': 155.56, 'ft_order_side': 'buy', 'order_filled_timestamp': 1727697600000, 'ft_is_entry': True, 'ft_order_tag': '', 'cost': 9456.551512799999}, {'amount': 60.76, 'safe_price': 155.375, 'ft_order_side': 'sell', 'order_filled_timestamp': 1727697600000, 'ft_is_entry': False, 'ft_order_tag': 'trailing_stop_loss', 'cost': 9445.3052925}]",0.0,0
BNB/USDT:USDT,4611.046,9431.685,7.48,2024-11-11 08:00:00+00:00,2024-11-11 13:05:00+00:00,616.45,617.07,0.0005,0.0005,305,0.007360612297982721,69.45768809,trailing_stop_loss,6.17,-0.99,617.07,-0.009842025032092416,615.16,630.83,False,,1.0,False,1731312000000,1731330300000,"[{'amount': 15.3, 'safe_price': 616.45, 'ft_order_side': 'buy', 'order_filled_timestamp': 1731312000000, 'ft_is_entry': True, 'ft_order_tag': '', 'cost': 9436.400842500001}, {'amount': 7.82, 'safe_price': 626.19, 'ft_order_side': 'sell', 'order_filled_timestamp': 1731322800000, 'ft_is_entry': False, 'ft_order_tag': 'partial_exit', 'cost': 4899.254202900001}, {'amount': 7.48, 'safe_price': 617.07, 'ft_order_side': 'sell', 'order_filled_timestamp': 1731330300000, 'ft_is_entry': False, 'ft_order_tag': 'trailing_stop_loss', 'cost': 4617.9914418}]",-1.874624706448044,0
ETH/USDT:USDT,3318.21,6886.0758,1.05,2024-11-13 20:00:00+00:00,2024-11-14 11:00:00+00:00,3160.2,3170.84,0.0005,0.0005,900,0.0005207958472022513,3.5880328000000006,trailing_stop_loss,31.61,-0.99,3170.84,-0.012422464500309038,3120.0,3242.31,False,,1.0,False,1731528000000,1731582000000,"[{'amount': 2.179, 'safe_price': 3160.2, 'ft_order_side': 'buy', 'order_filled_timestamp': 1731528000000, 'ft_is_entry': True, 'ft_order_tag': '', 'cost': 6889.518837899998}, {'amount': 1.129, 'safe_price': 3160.2, 'ft_order_side': 'sell', 'order_filled_timestamp': 1731528000000, 'ft_is_entry': False, 'ft_order_tag': 'partial_exit', 'cost': 3569.6497328999994}, {'amount': 1.05, 'safe_price': 3170.84, 'ft_order_side': 'sell', 'order_filled_timestamp': 1731582000000, 'ft_is_entry': False, 'ft_order_tag': 'trailing_stop_loss', 'cost': 3331.0466910000005}]",-0.69230540417115,3
BNB/USDT:USDT,4680.9672,9503.3922,7.28,2024-11-24 16:00:00+00:00,2024-11-24 18:40:00+00:00,642.99,655.02,0.0005,0.0005,160,0.007795232896128277,74.11819608,trailing_stop_loss,6.43,-0.99,655.02,-5.891404289248836e-05,640.1,655.05,False,,1.0,False,1732464000000,1732473600000,"[{'amount': 14.78, 'safe_price': 642.99, 'ft_order_side': 'buy', 'order_filled_timestamp': 1732464000000, 'ft_is_entry': True, 'ft_order_tag': '', 'cost': 9508.1438961}, {'amount': 7.5, 'safe_price': 642.99, 'ft_order_side': 'sell', 'order_filled_timestamp': 1732464000000, 'ft_is_entry': False, 'ft_order_tag': 'partial_exit', 'cost': 4824.8362125}, {'amount': 7.28, 'safe_price': 655.02, 'ft_order_side': 'sell', 'order_filled_timestamp': 1732473600000, 'ft_is_entry': False, 'ft_order_tag': 'trailing_stop_loss', 'cost': 4770.9298728}]",-3.9130225201842035,6
BTC/USDT:USDT,4838.5746,9510.3018,0.058,2025-04-03 08:00:00+00:00,2025-04-03 08:00:00+00:00,83423.7,83495.0,0.0005,0.0005,0,-0.0013349582962912988,-12.689508360000001,trailing_stop_loss,166013.1,-0.99,83482.9,-0.0008550813076360075,83411.6,83630.0,False,,1.0,True,1743667200000,1743667200000,"[{'amount': 0.114, 'safe_price': 83423.7, 'ft_order_side': 'sell', 'order_filled_timestamp': 1743667200000, 'ft_is_entry': True, 'ft_order_tag': '', 'cost': 9515.056950899998}, {'amount': 0.056, 'safe_price': 83423.7, 'ft_order_side': 'buy', 'order_filled_timestamp': 1743667200000, 'ft_is_entry': False, 'ft_order_tag': 'partial_exit', 'cost': 4674.0630636}, {'amount': 0.058, 'safe_price': 83495.0, 'ft_order_side': 'buy', 'order_filled_timestamp': 1743667200000, 'ft_is_entry': False, 'ft_order_tag': 'trailing_stop_loss', 'cost': 4845.1313549999995}]",0.9582611432403083,3
BTC/USDT:USDT,9535.2456,9535.2456,0.103,2025-04-24 12:00:00+00:00,2025-04-24 14:00:00+00:00,92575.2,93125.3,0.0005,0.0005,120,0.0049367567056869425,47.09672425,trailing_stop_loss,925.8,-0.99,93125.3,-0.0003482201786227934,92380.4,93157.7,False,,1.0,False,1745496000000,1745503200000,"[{'amount': 0.103, 'safe_price': 92575.2, 'ft_order_side': 'buy', 'order_filled_timestamp': 1745496000000, 'ft_is_entry': True, 'ft_order_tag': '', 'cost': 9540.013222799998}, {'amount': 0.103, 'safe_price': 93125.3, 'ft_order_side': 'sell', 'order_filled_timestamp': 1745503200000, 'ft_is_entry': False, 'ft_order_tag': 'trailing_stop_loss', 'cost': 9596.70185295}]",0.0,3
BTC/USDT:USDT,9600.4032,9600.4032,0.102,2025-04-27 04:00:00+00:00,2025-04-27 04:55:00+00:00,94121.6,93957.8,0.0005,0.0005,55,-0.002738062725003731,-26.2996494,trailing_stop_loss,941.3,-0.99,93957.8,-0.002538875368068627,93954.2,94250.0,False,,1.0,False,1745726400000,1745729700000,"[{'amount': 0.102, 'safe_price': 94121.6, 'ft_order_side': 'buy', 'order_filled_timestamp': 1745726400000, 'ft_is_entry': True, 'ft_order_tag': '', 'cost': 9605.2034016}, {'amount': 0.102, 'safe_price': 93957.8, 'ft_order_side': 'sell', 'order_filled_timestamp': 1745729700000, 'ft_is_entry': False, 'ft_order_tag': 'trailing_stop_loss', 'cost': 9588.487447799998}]",0.0,6
BTC/USDT:USDT,9506.1576,9506.1576,0.092,2025-05-11 08:00:00+00:00,2025-05-11 08:00:00+00:00,103327.8,103321.0,0.0005,0.0005,0,-0.0011067273613937537,-10.52598508,trailing_stop_loss,1033.3,-0.99,103352.7,-0.0027145554620837675,103321.0,103634.0,False,,1.0,False,1746950400000,1746950400000,"[{'amount': 0.092, 'safe_price': 103327.8, 'ft_order_side': 'buy', 'order_filled_timestamp': 1746950400000, 'ft_is_entry': True, 'ft_order_tag': '', 'cost': 9510.9106788}, {'amount': 0.092, 'safe_price': 103321.0, 'ft_order_side': 'sell', 'order_filled_timestamp': 1746950400000, 'ft_is_entry': False, 'ft_order_tag': 'trailing_stop_loss', 'cost': 9510.284765999999}]",-0.3945402842,6
ETH/USDT:USDT,7173.21318,7173.21318,2.422,2025-07-12 08:00:00+00:00,2025-07-12 12:35:00+00:00,2961.69,2937.54,0.0005,0.0005,275,-0.009222152755838204,-66.18554393,trailing_stop_loss,29.62,-0.99,2937.54,-0.009958521620059502,2933.0,2979.0,False,,1.0,False,1752307200000,1752323700000,"[{'amount': 2.422, 'safe_price': 2961.69, 'ft_order_side': 'buy', 'order_filled_timestamp': 1752307200000, 'ft_is_entry': True, 'ft_order_tag': '', 'cost': 7176.799786590001}, {'amount': 2.422, 'safe_price': 2937.54, 'ft_order_side': 'sell', 'order_filled_timestamp': 1752323700000, 'ft_is_entry': False, 'ft_order_tag': 'trailing_stop_loss', 'cost': 7118.27924094}]",-0.5502764023894168,5
SOL/USDT:USDT,2402.2485,2402.2485,14.87,2025-07-12 12:00:00+00:00,2025-07-13 16:00:00+00:00,161.55,161.712,0.0005,0.0005,1680,-0.0003728249516690489,-0.89606599,trailing_stop_loss,1.616,-0.99,161.712,-0.007661082474226921,157.66,164.12,False,,1.0,False,1752321600000,1752422400000,"[{'amount': 14.87, 'safe_price': 161.55, 'ft_order_side': 'buy', 'order_filled_timestamp': 1752321600000, 'ft_is_entry': True, 'ft_order_tag': '', 'cost': 2403.44962425}, {'amount': 14.87, 'safe_price': 161.712, 'ft_order_side': 'sell', 'order_filled_timestamp': 1752422400000, 'ft_is_entry': False, 'ft_order_tag': 'trailing_stop_loss', 'cost': 2405.8597687199995}]",-0.90155301634784,6
BNB/USDT:USDT,9502.8147,9502.8147,13.77,2025-07-14 20:00:00+00:00,2025-07-15 14:05:00+00:00,690.11,687.56,0.0005,0.0005,1085,-0.0046908701392591005,-44.59875795,trailing_stop_loss,6.91,-0.99,687.56,-0.000313923327943888,675.0,692.33,False,,1.0,False,1752523200000,1752588300000,"[{'amount': 13.77, 'safe_price': 690.11, 'ft_order_side': 'buy', 'order_filled_timestamp': 1752523200000, 'ft_is_entry': True, 'ft_order_tag': '', 'cost': 9507.566107349998}, {'amount': 13.77, 'safe_price': 687.56, 'ft_order_side': 'sell', 'order_filled_timestamp': 1752588300000, 'ft_is_entry': False, 'ft_order_tag': 'trailing_stop_loss', 'cost': 9472.4350506}]",0.0,1
BNB/USDT:USDT,3863.7631,3863.7631,5.29,2025-07-19 00:00:00+00:00,2025-07-19 03:25:00+00:00,730.39,732.27,0.0005,0.0005,205,0.0015718944016538943,6.0764643,trailing_stop_loss,7.31,-0.99,732.27,-0.0005384495103790687,718.95,732.66,False,,1.0,False,1752883200000,1752895500000,"[{'amount': 5.29, 'safe_price': 730.39, 'ft_order_side': 'buy', 'order_filled_timestamp': 1752883200000, 'ft_is_entry': True, 'ft_order_tag': '', 'cost': 3865.6949815499997}, {'amount': 5.29, 'safe_price': 732.27, 'ft_order_side': 'sell', 'order_filled_timestamp': 1752895500000, 'ft_is_entry': False, 'ft_order_tag': 'trailing_stop_loss', 'cost': 3875.6451541499996}]",0.0,5
BNB/USDT:USDT,5333.7648,5333.7648,7.28,2025-07-19 08:00:00+00:00,2025-07-19 21:15:00+00:00,732.66,727.65,0.0005,0.0005,795,-0.007830762368385867,-41.7883284,trailing_stop_loss,7.33,-0.99,727.65,-0.008354091583554046,725.5,742.94,False,,1.0,False,1752912000000,1752959700000,"[{'amount': 7.28, 'safe_price': 732.66, 'ft_order_side': 'buy', 'order_filled_timestamp': 1752912000000, 'ft_is_entry': True, 'ft_order_tag': '', 'cost': 5336.4316824}, {'amount': 7.28, 'safe_price': 727.65, 'ft_order_side': 'sell', 'order_filled_timestamp': 1752959700000, 'ft_is_entry': False, 'ft_order_tag': 'trailing_stop_loss', 'cost': 5299.940646}]",0.0,5
BNB/USDT:USDT,4646.9542,9429.8778,5.81,2025-08-10 08:00:00+00:00,2025-08-10 08:30:00+00:00,799.82,802.61,0.0005,0.0005,30,0.0006522548158997141,6.15375855,trailing_stop_loss,8.0,-0.99,802.61,-0.0013790186423526807,794.02,803.71,False,,1.0,False,1754812800000,1754814600000,"[{'amount': 11.79, 'safe_price': 799.82, 'ft_order_side': 'buy', 'order_filled_timestamp': 1754812800000, 'ft_is_entry': True, 'ft_order_tag': '', 'cost': 9434.592738899999}, {'amount': 5.98, 'safe_price': 799.82, 'ft_order_side': 'sell', 'order_filled_timestamp': 1754812800000, 'ft_is_entry': False, 'ft_order_tag': 'partial_exit', 'cost': 4785.315061800001}, {'amount': 5.81, 'safe_price': 802.61, 'ft_order_side': 'sell', 'order_filled_timestamp': 1754814600000, 'ft_is_entry': False, 'ft_order_tag': 'trailing_stop_loss', 'cost': 4665.49568205}]",-0.6181587060990303,6
BNB/USDT:USDT,3656.743,3656.743,4.45,2025-08-11 04:00:00+00:00,2025-08-11 11:25:00+00:00,821.74,799.85,0.0005,0.0005,445,-0.027752736284155335,-101.53536645,trailing_stop_loss,8.22,-0.99,799.85,-0.03068221458896092,799.0,825.16,False,,1.0,False,1754884800000,1754911500000,"[{'amount': 4.45, 'safe_price': 821.74, 'ft_order_side': 'buy', 'order_filled_timestamp': 1754884800000, 'ft_is_entry': True, 'ft_order_tag': '', 'cost': 3658.5713715}, {'amount': 4.45, 'safe_price': 799.85, 'ft_order_side': 'sell', 'order_filled_timestamp': 1754911500000, 'ft_is_entry': False, 'ft_order_tag': 'trailing_stop_loss', 'cost': 3561.1121662500004}]",-0.51682870134,0
ETH/USDT:USDT,4606.04451,9333.41081,1.101,2025-08-11 12:00:00+00:00,2025-08-11 12:00:00+00:00,4183.51,4178.79,0.0005,0.0005,0,-0.0015557305479670703,-14.52753245,trailing_stop_loss,41.84,-0.99,4187.7,-0.001127389431402337,4175.26,4192.42,False,,1.0,False,1754913600000,1754913600000,"[{'amount': 2.231, 'safe_price': 4183.51, 'ft_order_side': 'buy', 'order_filled_timestamp': 1754913600000, 'ft_is_entry': True, 'ft_order_tag': '', 'cost': 9338.077515404999}, {'amount': 1.13, 'safe_price': 4183.51, 'ft_order_side': 'sell', 'order_filled_timestamp': 1754913600000, 'ft_is_entry': False, 'ft_order_tag': 'partial_exit', 'cost': 4729.7299831499995}, {'amount': 1.101, 'safe_price': 4178.79, 'ft_order_side': 'sell', 'order_filled_timestamp': 1754913600000, 'ft_is_entry': False, 'ft_order_tag': 'trailing_stop_loss', 'cost': 4603.148213895}]",0.0,0
BNB/USDT:USDT,4628.6856,9316.0683,5.52,2025-08-14 20:00:00+00:00,2025-08-14 22:50:00+00:00,838.53,839.37,0.0005,0.0005,170,-0.0005022770256484454,-4.6815866999999995,trailing_stop_loss,8.39,-0.99,839.37,-0.0009777193253909244,825.18,840.19,False,,1.0,False,1755201600000,1755211800000,"[{'amount': 11.11, 'safe_price': 838.53, 'ft_order_side': 'buy', 'order_filled_timestamp': 1755201600000, 'ft_is_entry': True, 'ft_order_tag': '', 'cost': 9320.726334149998}, {'amount': 5.59, 'safe_price': 838.53, 'ft_order_side': 'sell', 'order_filled_timestamp': 1755201600000, 'ft_is_entry': False, 'ft_order_tag': 'partial_exit', 'cost': 4689.72639135}, {'amount': 5.52, 'safe_price': 839.37, 'ft_order_side': 'sell', 'order_filled_timestamp': 1755211800000, 'ft_is_entry': False, 'ft_order_tag': 'trailing_stop_loss', 'cost': 4635.6390612}]",0.0,3
SOL/USDT:USDT,9314.844,9314.844,44.88,2025-08-29 12:00:00+00:00,2025-08-29 12:30:00+00:00,207.55,211.673,0.0005,0.0005,30,0.018845737333694032,175.63287588,trailing_stop_loss,2.076,-0.99,211.673,-0.015477818191487636,207.03,215.0,False,,1.0,False,1756468800000,1756470600000,"[{'amount': 44.88, 'safe_price': 207.55, 'ft_order_side': 'buy', 'order_filled_timestamp': 1756468800000, 'ft_is_entry': True, 'ft_order_tag': '', 'cost': 9319.501422000001}, {'amount': 44.88, 'safe_price': 211.673, 'ft_order_side': 'sell', 'order_filled_timestamp': 1756470600000, 'ft_is_entry': False, 'ft_order_tag': 'trailing_stop_loss', 'cost': 9504.63418212}]",0.0,4
BTC/USDT:USDT,9443.3004,9443.3004,0.082,2025-09-14 16:00:00+00:00,2025-09-14 16:20:00+00:00,115162.2,115375.9,0.0005,0.0005,20,0.0008231463452009377,7.77710482,trailing_stop_loss,1151.7,-0.99,115375.9,-7.62327683289099e-05,115132.4,115384.6,False,,1.0,False,1757865600000,1757866800000,"[{'amount': 0.082, 'safe_price': 115162.2, 'ft_order_side': 'buy', 'order_filled_timestamp': 1757865600000, 'ft_is_entry': True, 'ft_order_tag': '', 'cost': 9448.0220502}, {'amount': 0.082, 'safe_price': 115375.9, 'ft_order_side': 'sell', 'order_filled_timestamp': 1757866800000, 'ft_is_entry': False, 'ft_order_tag': 'trailing_stop_loss', 'cost': 9465.5542119}]",-0.2942330833040751,6
BNB/USDT:USDT,9489.2466,9489.2466,9.97,2025-09-17 16:00:00+00:00,2025-09-17 17:40:00+00:00,951.78,953.77,0.0005,0.0005,100,0.0010279397611037393,9.75925107,trailing_stop_loss,9.52,-0.99,953.77,-0.0017238589102546165,946.48,955.41,False,,1.0,False,1758124800000,1758130800000,"[{'amount': 9.97, 'safe_price': 951.78, 'ft_order_side': 'buy', 'order_filled_timestamp': 1758124800000, 'ft_is_entry': True, 'ft_order_tag': '', 'cost': 9493.9912233}, {'amount': 9.97, 'safe_price': 953.77, 'ft_order_side': 'sell', 'order_filled_timestamp': 1758130800000, 'ft_is_entry': False, 'ft_order_tag': 'trailing_stop_loss', 'cost': 9513.84144345}]",-0.5818821764350898,2
BNB/USDT:USDT,9499.3209,9499.3209,9.63,2025-09-19 12:00:00+00:00,2025-09-19 14:45:00+00:00,986.43,984.82,0.0005,0.0005,165,-0.0026300171690661874,-24.99586875,trailing_stop_loss,9.87,-0.99,984.82,-0.008016668687580886,983.59,993.07,False,,1.0,False,1758283200000,1758293100000,"[{'amount': 9.63, 'safe_price': 986.43, 'ft_order_side': 'buy', 'order_filled_timestamp': 1758283200000, 'ft_is_entry': True, 'ft_order_tag': '', 'cost': 9504.07056045}, {'amount': 9.63, 'safe_price': 984.82, 'ft_order_side': 'sell', 'order_filled_timestamp': 1758293100000, 'ft_is_entry': False, 'ft_order_tag': 'trailing_stop_loss', 'cost': 9488.5585083}]",0.0,4
BTC/USDT:USDT,3362.6909,3362.6909,0.031,2025-10-16 16:00:00+00:00,2025-10-17 16:00:00+00:00,108473.9,106750.0,0.0005,0.0005,1440,0.014865759840629074,49.96396086,G6,215863.0,-0.99,215863.0,-0.99,103470.0,109212.6,False,,1.0,True,1760630400000,1760716800000,"[{'amount': 0.031, 'safe_price': 108473.9, 'ft_order_side': 'sell', 'order_filled_timestamp': 1760630400000, 'ft_is_entry': True, 'ft_order_tag': '', 'cost': 3364.3722454499994}, {'amount': 0.031, 'safe_price': 106750.0, 'ft_order_side': 'buy', 'order_filled_timestamp': 1760716800000, 'ft_is_entry': False, 'ft_order_tag': 'G6', 'cost': 3310.9046249999997}]",-0.1409686904863157,4
BNB/USDT:USDT,873.7342,1534.1147,0.86,2025-11-03 12:00:00+00:00,2025-11-05 03:00:00+00:00,1015.97,950.8,0.0005,0.0005,2340,0.07564026002580426,115.9828144,G6,2021.78,-0.99,2021.78,-0.99,878.96,1024.71,False,,1.0,True,1762171200000,1762311600000,"[{'amount': 1.51, 'safe_price': 1015.97, 'ft_order_side': 'sell', 'order_filled_timestamp': 1762171200000, 'ft_is_entry': True, 'ft_order_tag': '', 'cost': 1534.88175735}, {'amount': 0.65, 'safe_price': 921.49, 'ft_order_side': 'buy', 'order_filled_timestamp': 1762290000000, 'ft_is_entry': False, 'ft_order_tag': 'partial_exit', 'cost': 599.26798425}, {'amount': 0.86, 'safe_price': 950.8, 'ft_order_side': 'buy', 'order_filled_timestamp': 1762311600000, 'ft_is_entry': False, 'ft_order_tag': 'G6', 'cost': 818.0968439999999}]",0.0,2
BTC/USDT:USDT,9641.6446,9641.6446,0.103,2026-01-06 16:00:00+00:00,2026-01-06 16:00:00+00:00,93608.2,93589.4,0.0005,0.0005,0,-0.0012270331714077532,-11.83653306,trailing_stop_loss,936.1,-0.99,93710.1,-0.00020057870663026112,93588.3,93728.9,False,,1.0,False,1767715200000,1767715200000,"[{'amount': 0.103, 'safe_price': 93608.2, 'ft_order_side': 'buy', 'order_filled_timestamp': 1767715200000, 'ft_is_entry': True, 'ft_order_tag': '', 'cost': 9646.4654223}, {'amount': 0.103, 'safe_price': 93589.4, 'ft_order_side': 'sell', 'order_filled_timestamp': 1767715200000, 'ft_is_entry': False, 'ft_order_tag': 'trailing_stop_loss', 'cost': 9644.5280541}]",-0.259456656186,1
SOL/USDT:USDT,1553.0112,1553.0112,18.72,2026-02-11 00:00:00+00:00,2026-02-12 09:15:00+00:00,82.96,81.23,0.0005,0.0005,1995,0.01948117313644294,30.23935283,trailing_stop_loss,165.09,-0.99,81.23,-0.0024388092167482167,77.92,84.34,False,,1.0,True,1770768000000,1770887700000,"[{'amount': 18.72, 'safe_price': 82.96, 'ft_order_side': 'sell', 'order_filled_timestamp': 1770768000000, 'ft_is_entry': True, 'ft_order_tag': '', 'cost': 1553.7877055999995}, {'amount': 18.72, 'safe_price': 81.23, 'ft_order_side': 'buy', 'order_filled_timestamp': 1770887700000, 'ft_is_entry': False, 'ft_order_tag': 'trailing_stop_loss', 'cost': 1521.3859128}]",-0.6094287747893273,3
SOL/USDT:USDT,1784.8857,1784.8857,23.01,2026-02-12 20:00:00+00:00,2026-02-13 08:50:00+00:00,77.57,79.6,0.0005,0.0005,770,-0.027243479976849193,-48.60218458,trailing_stop_loss,154.36,-0.99,79.6,-0.0003941667702129781,76.54,79.87,False,,1.0,True,1770926400000,1770972600000,"[{'amount': 23.01, 'safe_price': 77.57, 'ft_order_side': 'sell', 'order_filled_timestamp': 1770926400000, 'ft_is_entry': True, 'ft_order_tag': '', 'cost': 1785.77814285}, {'amount': 23.01, 'safe_price': 79.6, 'ft_order_side': 'buy', 'order_filled_timestamp': 1770972600000, 'ft_is_entry': False, 'ft_order_tag': 'trailing_stop_loss', 'cost': 1832.511798}]",-0.08364372766998268,4
BNB/USDT:USDT,4855.8965,9612.057,7.79,2026-03-09 04:00:00+00:00,2026-03-09 04:20:00+00:00,623.35,624.33,0.0005,0.0005,20,-0.001795526540440393,-17.2500741,trailing_stop_loss,1240.46,-0.99,624.33,-0.0031467264514069004,622.38,624.73,False,,1.0,True,1773028800000,1773030000000,"[{'amount': 15.42, 'safe_price': 623.35, 'ft_order_side': 'sell', 'order_filled_timestamp': 1773028800000, 'ft_is_entry': True, 'ft_order_tag': '', 'cost': 9616.8630285}, {'amount': 7.63, 'safe_price': 623.35, 'ft_order_side': 'buy', 'order_filled_timestamp': 1773028800000, 'ft_is_entry': False, 'ft_order_tag': 'partial_exit', 'cost': 4758.5385802499995}, {'amount': 7.79, 'safe_price': 624.33, 'ft_order_side': 'buy', 'order_filled_timestamp': 1773030000000, 'ft_is_entry': False, 'ft_order_tag': 'trailing_stop_loss', 'cost': 4865.96246535}]",0.0,0
ETH/USDT:USDT,4698.8004,9566.57244,2.03,2026-03-17 16:00:00+00:00,2026-03-17 16:00:00+00:00,2314.68,2314.0,0.0005,0.0005,0,-0.0011225177798551134,-10.74401698,trailing_stop_loss,23.15,-0.99,2317.0,-0.000295692243968082,2311.07,2317.68,False,,1.0,False,1773763200000,1773763200000,"[{'amount': 4.133, 'safe_price': 2314.68, 'ft_order_side': 'buy', 'order_filled_timestamp': 1773763200000, 'ft_is_entry': True, 'ft_order_tag': '', 'cost': 9571.35572622}, {'amount': 2.103, 'safe_price': 2314.68, 'ft_order_side': 'sell', 'order_filled_timestamp': 1773763200000, 'ft_is_entry': False, 'ft_order_tag': 'partial_exit', 'cost': 4870.205926019999}, {'amount': 2.03, 'safe_price': 2314.0, 'ft_order_side': 'sell', 'order_filled_timestamp': 1773763200000, 'ft_is_entry': False, 'ft_order_tag': 'trailing_stop_loss', 'cost': 4699.7687099999985}]",0.20226525221153407,1
BTC/USDT:USDT,4760.9106,9521.8212,0.059,2026-05-11 04:00:00+00:00,2026-05-11 04:30:00+00:00,80693.4,80774.1,0.0005,0.0005,30,-0.0004999591453371753,-4.7629018499999995,trailing_stop_loss,807.0,-0.99,80774.1,-0.0001609984762421801,80597.8,80787.1,False,,1.0,False,1778472000000,1778473800000,"[{'amount': 0.118, 'safe_price': 80693.4, 'ft_order_side': 'buy', 'order_filled_timestamp': 1778472000000, 'ft_is_entry': True, 'ft_order_tag': '', 'cost': 9526.582110599998}, {'amount': 0.059, 'safe_price': 80693.4, 'ft_order_side': 'sell', 'order_filled_timestamp': 1778472000000, 'ft_is_entry': False, 'ft_order_tag': 'partial_exit', 'cost': 4763.291055299999}, {'amount': 0.059, 'safe_price': 80774.1, 'ft_order_side': 'sell', 'order_filled_timestamp': 1778473800000, 'ft_is_entry': False, 'ft_order_tag': 'trailing_stop_loss', 'cost': 4768.05473595}]",0.0,0
SOL/USDT:USDT,9584.0724,9584.0724,100.97,2026-05-12 12:00:00+00:00,2026-05-12 12:40:00+00:00,94.92,95.39,0.0005,0.0005,40,0.003947088823898207,37.84809965,trailing_stop_loss,0.95,-0.99,95.39,-0.001392650311433874,94.32,95.52,False,,1.0,False,1778587200000,1778589600000,"[{'amount': 100.97, 'safe_price': 94.92, 'ft_order_side': 'buy', 'order_filled_timestamp': 1778587200000, 'ft_is_entry': True, 'ft_order_tag': '', 'cost': 9588.8644362}, {'amount': 100.97, 'safe_price': 95.39, 'ft_order_side': 'sell', 'order_filled_timestamp': 1778589600000, 'ft_is_entry': False, 'ft_order_tag': 'trailing_stop_loss', 'cost': 9636.34406415}]",0.0,1
BNB/USDT:USDT,9620.2008,9620.2008,16.56,2026-06-20 04:00:00+00:00,2026-06-20 04:55:00+00:00,580.93,581.13,0.0005,0.0005,55,-0.0013451202560638587,-12.9338568,trailing_stop_loss,1156.05,-0.99,581.13,-1.5932265022833292e-06,580.42,581.63,False,,1.0,True,1781928000000,1781931300000,"[{'amount': 16.56, 'safe_price': 580.93, 'ft_order_side': 'sell', 'order_filled_timestamp': 1781928000000, 'ft_is_entry': True, 'ft_order_tag': '', 'cost': 9625.010900399999}, {'amount': 16.56, 'safe_price': 581.13, 'ft_order_side': 'buy', 'order_filled_timestamp': 1781931300000, 'ft_is_entry': False, 'ft_order_tag': 'trailing_stop_loss', 'cost': 9628.324556399999}]",0.0,5
